1.019999999999999929e+01,8.999999999999994671e-01,-9.118568747064841329e-01,8.133520015103090639e-03
1.889999999999999858e+01,9.700000000000001066e+00,-8.417875015550675410e-01,7.913029818768718693e-02
2.544999999999999929e+01,1.604999999999999716e+01,-7.941910939711545048e-01,1.248626216790536536e-01
5.775000000000000000e+01,4.845000000000000284e+01,-6.358316442021844095e-01,2.841541367959308229e-01
2.644999999999999929e+01,1.694999999999999929e+01,-7.864063764530344613e-01,1.317338685529574338e-01
1.435999999999999943e+02,1.341999999999999886e+02,-4.987119308665841078e-01,4.203417847836239951e-01
1.516750000000000114e+02,1.421750000000000114e+02,-4.855250233688611083e-01,4.326245422906100369e-01
1.545999999999999943e+02,1.454000000000000057e+02,-4.852293583535783328e-01,4.356931017159159647e-01
1.547500000000000000e+02,1.452500000000000000e+02,-4.838451947086691018e-01,4.343089380710067338e-01
1.545500000000000114e+02,1.454499999999999886e+02,-4.856884238390562492e-01,4.361521672013938811e-01
1.237000000000000028e+02,1.142999999999999972e+02,-5.060740125443170534e-01,4.129982978095818602e-01
1.169249999999999972e+02,1.075249999999999915e+02,-5.126028082768310234e-01,4.064648883535959545e-01
9.742499999999999716e+01,8.792499999999999716e+01,-5.377218870860814848e-01,3.804369526236013321e-01
1.547249999999999943e+02,1.452750000000000057e+02,-4.840735973221738098e-01,4.345373406845114417e-01
1.210999999999999943e+02,1.119000000000000057e+02,-5.093292179139783382e-01,4.115932887587833711e-01
1.505999999999999943e+02,1.414000000000000057e+02,-4.873638239329838862e-01,4.335493620862987396e-01
1.545999999999999943e+02,1.454000000000000057e+02,-4.852270281902085203e-01,4.356907715525461522e-01
1.392249999999999943e+02,1.299749999999999943e+02,-4.945349447974213830e-01,4.259215292013867615e-01
1.548249999999999886e+02,1.451750000000000114e+02,-4.831508293261121412e-01,4.336145726884497731e-01
1.546750000000000114e+02,1.453249999999999886e+02,-4.845349696693876385e-01,4.349987130317252704e-01
1.710999999999999943e+02,1.289000000000000057e+02,-3.585180058426938321e-01,3.089817492050314640e-01
1.933249999999999886e+02,1.066749999999999972e+02,-2.854425696167558479e-01,2.359063129790934799e-01
2.010749999999999886e+02,9.892499999999999716e+01,-2.622490275559709039e-01,2.127127709183085358e-01
2.388000000000000114e+02,6.120000000000000284e+01,-1.673643144185394116e-01,1.178280577808770435e-01
2.948999999999999773e+02,5.099999999999994316e+00,-5.792025219405790015e-02,8.383995556395535537e-03
1.443000000000000114e+02,1.779999999999999716e+01,-2.410571671590290566e-01,4.255381937338695297e-02
1.911499999999999773e+02,4.220000000000000284e+01,-1.633579136049334024e-01,6.318300050592494388e-02
2.303499999999999943e+02,6.965000000000000568e+01,-1.254329240176951521e-01,7.589666738003278401e-02
3.000000000000000000e+02,0.000000000000000000e+00,-4.953625663766236115e-02,0.000000000000000000e+00
3.000000000000000000e+02,0.000000000000000000e+00,-4.953625663766236115e-02,0.000000000000000000e+00
2.201999999999999886e+02,4.769999999999998863e+01,-1.240626566577515688e-01,5.471781304596048945e-02
2.035999999999999943e+02,4.734999999999999432e+01,-1.478199107382767719e-01,6.274529383497408352e-02
2.140249999999999773e+02,3.557500000000000284e+01,-1.329508607238885642e-01,4.928152666143852112e-02
2.191250000000000000e+02,7.322500000000000853e+01,-1.438021445949343169e-01,8.978159983513106512e-02
2.004499999999999886e+02,1.075000000000000000e+01,-1.360784577766234460e-01,1.502085216636080828e-02
1.716999999999999886e+02,1.283000000000000114e+02,-3.624457682536761927e-01,3.129095116160138246e-01
2.697749999999999773e+02,3.022499999999999432e+01,-7.038999695255558631e-02,2.085374031489322863e-02
2.589499999999999886e+02,4.104999999999999716e+01,-8.162260051243348802e-02,3.208634387477113381e-02
2.540500000000000114e+02,4.595000000000000284e+01,-8.756737718320729835e-02,3.803112054554493027e-02
2.564250000000000114e+02,4.207500000000000284e+01,-8.560837688137994117e-02,3.528678213797405150e-02
2.701000000000000227e+02,2.990000000000000568e+01,-7.615943412289415126e-02,2.662317748523178665e-02
3.000000000000000000e+02,0.000000000000000000e+00,-4.953625663766236115e-02,0.000000000000000000e+00
3.000000000000000000e+02,0.000000000000000000e+00,-4.953625663766236115e-02,0.000000000000000000e+00
3.000000000000000000e+02,0.000000000000000000e+00,-4.953625663766236115e-02,0.000000000000000000e+00
2.341750000000000114e+02,6.582500000000000284e+01,-1.179001156368089387e-01,6.836385899914657061e-02
2.595000000000000000e+02,4.050000000000000000e+01,-8.075264077317456657e-02,3.121638413551220195e-02
1.581750000000000114e+02,1.418250000000000171e+02,-4.533527566310835977e-01,4.038164999934212296e-01
2.893750000000000000e+02,7.175000000000011369e+00,-5.595954134627505877e-02,3.944856764552091832e-03
2.671000000000000227e+02,3.290000000000000568e+01,-7.289398360185163350e-02,2.335772696418926889e-02
3.000000000000000000e+02,0.000000000000000000e+00,-4.953625663766236115e-02,0.000000000000000000e+00
2.030250000000000057e+02,9.697499999999999432e+01,-1.988879747793166064e-01,1.493517181416542383e-01
2.089000000000000057e+02,1.009999999999999432e+01,-1.630208148539229462e-01,3.258856446239700999e-02
1.742750000000000057e+02,7.387500000000000000e+01,-2.304639604007036602e-01,1.384554490925100634e-01
1.494000000000000057e+02,3.225000000000000000e+01,-2.390590612215461597e-01,7.225390262288614029e-02
1.558750000000000000e+02,3.322499999999999432e+01,-2.265401603557228860e-01,6.828139395614807317e-02
1.838000000000000114e+02,8.489999999999999147e+01,-2.274033594052530249e-01,1.465343235023632285e-01
3.000000000000000000e+02,0.000000000000000000e+00,-4.953625663766236115e-02,0.000000000000000000e+00
2.480500000000000114e+02,5.195000000000000284e+01,-9.528996839401121521e-02,4.575371175634884713e-02
3.000000000000000000e+02,0.000000000000000000e+00,-4.953625663766236115e-02,0.000000000000000000e+00
2.322750000000000057e+02,6.772499999999999432e+01,-1.218119984274116663e-01,7.227574178974929819e-02
2.244749999999999943e+02,7.552500000000000568e+01,-1.393800054235376507e-01,8.984374878587528257e-02
2.202500000000000000e+02,3.434999999999999432e+01,-1.456266308887043115e-01,6.685984578918326149e-02
2.541499999999999773e+02,2.499999999999985789e+00,-8.637397335692321987e-02,5.721632933174264357e-03
2.690000000000000000e+02,3.100000000000000000e+01,-7.120171795683481741e-02,2.166546131917245974e-02
2.771999999999999886e+02,2.279999999999999716e+01,-6.424279174491547006e-02,1.470653510725310545e-02
2.796499999999999773e+02,2.034999999999999432e+01,-6.218532159796305581e-02,1.264906496030069813e-02
2.641250000000000000e+02,3.587500000000000000e+01,-7.585048876041602939e-02,2.631423212275367171e-02
2.037750000000000057e+02,9.622500000000000853e+01,-1.961541766525155550e-01,1.466179200148531869e-01
2.982749999999999773e+02,1.724999999999994316e+00,-5.045768275603458586e-02,9.214261183722247117e-04
3.000000000000000000e+02,0.000000000000000000e+00,-4.953625663766236115e-02,0.000000000000000000e+00
3.000000000000000000e+02,0.000000000000000000e+00,-4.953625663766236115e-02,0.000000000000000000e+00
2.925749999999999886e+02,7.425000000000011369e+00,-5.383527952018788559e-02,4.299022882525524447e-03
2.653000000000000114e+02,3.470000000000000284e+01,-8.427115921382107022e-02,3.473490257615870908e-02
2.710500000000000114e+02,2.895000000000000284e+01,-8.572025888208939515e-02,3.618400224442702706e-02
3.000000000000000000e+02,0.000000000000000000e+00,-4.953625663766236115e-02,0.000000000000000000e+00
1.630250000000000057e+02,1.369749999999999943e+02,-4.160210735443568564e-01,3.664848169066944883e-01
3.000000000000000000e+02,0.000000000000000000e+00,-4.953625663766236115e-02,0.000000000000000000e+00
2.906499999999999773e+02,9.349999999999994316e+00,-5.476906750508431232e-02,5.232810867421954643e-03
3.000000000000000000e+02,0.000000000000000000e+00,-4.953625663766236115e-02,0.000000000000000000e+00
3.000000000000000000e+02,0.000000000000000000e+00,-4.953625663766236115e-02,0.000000000000000000e+00
2.007500000000000000e+02,9.925000000000000000e+01,-2.071422624997233397e-01,1.576060058620609716e-01
3.000000000000000000e+02,0.000000000000000000e+00,-4.953625663766236115e-02,0.000000000000000000e+00
1.724499999999999886e+02,1.275499999999999972e+02,-3.481518909908868920e-01,2.986156343532245239e-01
1.662500000000000000e+02,1.337500000000000000e+02,-3.898002726707608390e-01,3.402640160330984709e-01
2.326500000000000057e+02,2.990000000000000568e+01,-1.031146629474639781e-01,2.884406103375185271e-02
2.617749999999999773e+02,3.822499999999999432e+01,-7.901856720915097221e-02,2.948231057148860759e-02
2.157500000000000000e+02,8.425000000000000000e+01,-1.595119902770976983e-01,1.099757336394353302e-01
2.031750000000000114e+02,9.682500000000001705e+01,-1.983050099206973282e-01,1.487687532830349602e-01
2.581499999999999773e+02,2.815000000000000568e+01,-7.922505019226867840e-02,2.097162731369785205e-02
2.005500000000000114e+02,9.945000000000000284e+01,-2.076905586881315768e-01,1.581543020504692088e-01
1.548750000000000000e+02,1.451250000000000000e+02,-4.826871268155284445e-01,4.331508701778660764e-01
1.546999999999999886e+02,1.453000000000000114e+02,-4.843065903575167752e-01,4.347703337198544071e-01
1.623249999999999886e+02,1.376750000000000114e+02,-4.192179768683281793e-01,3.696817202306658112e-01
1.906999999999999886e+02,8.699999999999998579e+01,-2.112428110735823095e-01,1.484214069499207589e-01
1.816000000000000227e+02,1.195000000000000284e+01,-1.652562323518399490e-01,2.035905819902926461e-02
2.750500000000000114e+02,2.495000000000000284e+01,-6.769129879309865316e-02,1.815504215543628855e-02
2.656250000000000000e+02,3.437500000000000000e+01,-7.475488150247312780e-02,2.521862486481076318e-02
2.556750000000000114e+02,4.432500000000000284e+01,-8.561048525391842801e-02,3.607422861625606686e-02
2.912500000000000000e+02,8.750000000000000000e+00,-5.441353804253692972e-02,4.877281404874572041e-03
1.209749999999999943e+02,1.115249999999999915e+02,-5.083027827101543883e-01,4.102942209195793444e-01
8.084999999999999432e+01,5.834999999999999432e+01,-5.276742814039532270e-01,2.782452760883930565e-01
2.774750000000000227e+02,2.252500000000000568e+01,-6.413642526301144287e-02,1.460016862534908519e-02
2.377750000000000057e+02,6.222499999999999432e+01,-1.116139437220968478e-01,6.207768708443448663e-02
2.568750000000000000e+02,4.312500000000000000e+01,-8.398317407289375425e-02,3.444691743523138616e-02
2.438499999999999943e+02,5.615000000000000568e+01,-1.014513153983960803e-01,5.191505876073371911e-02
3.000000000000000000e+02,0.000000000000000000e+00,-4.953625663766236115e-02,0.000000000000000000e+00
2.684750000000000227e+02,3.152500000000000568e+01,-7.154569542503311230e-02,2.200943878737074769e-02
2.723999999999999773e+02,5.549999999999982947e+00,-6.605558123319896224e-02,3.381498435782281931e-03
3.000000000000000000e+02,0.000000000000000000e+00,-4.953625663766236115e-02,0.000000000000000000e+00
2.286250000000000000e+02,7.137500000000000000e+01,-1.288067545071941156e-01,7.927049786953176136e-02
2.465250000000000057e+02,5.347499999999999432e+01,-9.937306417899689770e-02,4.983680754133452961e-02
1.546750000000000114e+02,1.453249999999999886e+02,-4.845303093426481245e-01,4.349940527049857564e-01
1.546750000000000114e+02,1.453249999999999886e+02,-4.845349463677539603e-01,4.349986897300915922e-01
8.122499999999999432e+01,7.177500000000000568e+01,-5.682712023883641494e-01,3.503397356183208244e-01
2.427500000000000000e+02,5.725000000000000000e+01,-1.031264126567635053e-01,5.359015601910113724e-02
1.725000000000000000e+02,7.699999999999988631e+00,-1.850497626187047051e-01,1.733596566746521683e-02
1.544000000000000057e+02,4.119999999999999574e+01,-2.337771997167816251e-01,9.041025219098097754e-02
1.208499999999999943e+02,8.000000000000042633e-01,-3.000501558737994623e-01,2.381896478550082907e-03
1.207500000000000000e+02,5.750000000000000000e+00,-3.009958853336051066e-01,1.744118913906511636e-02
1.129000000000000057e+02,5.399999999999998579e+00,-3.256267518781627013e-01,1.771135726392805698e-02
1.508249999999999886e+02,2.667499999999999716e+01,-2.301390390037078570e-01,6.009878304111880565e-02
2.078750000000000000e+02,9.212500000000000000e+01,-1.827465657121523368e-01,1.332103090744899687e-01
3.000000000000000000e+02,0.000000000000000000e+00,-4.953625663766236115e-02,0.000000000000000000e+00
2.732749999999999773e+02,2.672499999999999432e+01,-6.867831011495845184e-02,1.914205347729609416e-02
2.360500000000000114e+02,6.395000000000000284e+01,-1.145006622487071413e-01,6.496440561104477318e-02
2.255000000000000000e+02,7.450000000000000000e+01,-1.356345672111416156e-01,8.609831057347926142e-02
2.871750000000000114e+02,1.282499999999998863e+01,-6.160665375936495713e-02,1.207039712170259252e-02
2.120000000000000000e+02,8.800000000000000000e+01,-1.702190347797936654e-01,1.206827781421312973e-01
3.000000000000000000e+02,0.000000000000000000e+00,-4.953625663766236115e-02,0.000000000000000000e+00
2.150999999999999943e+02,8.490000000000000568e+01,-1.614180355108933984e-01,1.118817788732310303e-01
2.906999999999999886e+02,9.300000000000011369e+00,-5.611544181518056396e-02,6.579185177518206279e-03
2.237750000000000057e+02,7.622499999999999432e+01,-1.407802541424827969e-01,9.124399750482042881e-02
2.828500000000000227e+02,1.715000000000000568e+01,-6.590117089130582972e-02,1.636491425364346511e-02
2.001750000000000114e+02,9.982500000000000284e+01,-2.091394560623233978e-01,1.596031994246610297e-01
6.995000000000000284e+01,4.245000000000000284e+01,-5.465100718469870777e-01,2.200326038038181720e-01
1.958249999999999886e+02,2.332500000000000284e+01,-1.543169773210013029e-01,4.109460270778576146e-02
2.283249999999999886e+02,6.407499999999998863e+01,-1.250535036527408717e-01,7.115906110895628411e-02
2.193750000000000000e+02,7.352499999999999147e+01,-1.436759063682855608e-01,9.012133387982701471e-02
2.304000000000000057e+02,6.959999999999999432e+01,-1.254552557672181656e-01,7.591899912955581142e-02
1.790250000000000057e+02,2.875000000000000000e+00,-1.776083809734965713e-01,4.931953596498520054e-03
2.394000000000000057e+02,6.059999999999999432e+01,-1.085669402775535780e-01,5.903068363989120992e-02
2.393750000000000000e+02,6.062500000000000000e+01,-1.086525606741263333e-01,5.911630403646397219e-02
2.352500000000000000e+02,6.475000000000000000e+01,-1.158625622884991435e-01,6.632630565083677543e-02
2.339250000000000114e+02,5.262500000000000000e+01,-1.124289519519914848e-01,5.107380807026085795e-02
2.705500000000000114e+02,2.945000000000000284e+01,-6.967551051482860636e-02,2.013925387716624174e-02
3.000000000000000000e+02,0.000000000000000000e+00,-4.953625663766236115e-02,0.000000000000000000e+00
3.000000000000000000e+02,0.000000000000000000e+00,-4.953625663766236115e-02,0.000000000000000000e+00
3.000000000000000000e+02,0.000000000000000000e+00,-4.953625663766236115e-02,0.000000000000000000e+00
3.000000000000000000e+02,0.000000000000000000e+00,-4.953625663766236115e-02,0.000000000000000000e+00
3.000000000000000000e+02,0.000000000000000000e+00,-4.953625663766236115e-02,0.000000000000000000e+00
3.000000000000000000e+02,0.000000000000000000e+00,-4.953625663766236115e-02,0.000000000000000000e+00
2.924499999999999886e+02,7.550000000000011369e+00,-5.368598080289919278e-02,4.149724165236831630e-03
2.767250000000000227e+02,2.327500000000000568e+01,-6.469403789489323875e-02,1.515778125723088107e-02
2.027500000000000000e+02,5.805000000000001137e+01,-1.552816950959493014e-01,8.089491858425061632e-02
1.864250000000000114e+02,1.135750000000000028e+02,-2.818923787915885160e-01,2.323561221539261479e-01
2.726499999999999773e+02,2.734999999999999432e+01,-6.787557652400286190e-02,1.833931988634050422e-02
3.000000000000000000e+02,0.000000000000000000e+00,-4.953625663766236115e-02,0.000000000000000000e+00
2.649499999999999886e+02,3.504999999999999716e+01,-7.634624695800884542e-02,2.680999032034648080e-02
2.426250000000000000e+02,5.737500000000000000e+01,-1.038601893566864359e-01,5.432393271902406784e-02
3.000000000000000000e+02,0.000000000000000000e+00,-4.953625663766236115e-02,0.000000000000000000e+00
1.870999999999999943e+02,5.375000000000000000e+01,-1.843992772862730334e-01,8.015492808512608702e-02
2.998000000000000114e+02,1.999999999999886313e-01,-4.963798660384925038e-02,1.017299661868892313e-04
2.080000000000000000e+02,9.200000000000000000e+01,-1.822651318748395033e-01,1.327288752371771352e-01
2.320000000000000000e+02,6.800000000000000000e+01,-1.220680372582889084e-01,7.253178062062654030e-02
2.654499999999999886e+02,3.454999999999999716e+01,-7.960520451463222458e-02,3.006894787696985996e-02
1.252999999999999972e+02,1.729999999999999716e+01,-2.921989167626040107e-01,4.996119941605961512e-02
2.149000000000000057e+02,8.509999999999999432e+01,-1.626226358057092924e-01,1.130863791680469244e-01
2.095500000000000114e+02,9.045000000000000284e+01,-1.778928989670883476e-01,1.283566423294259795e-01
1.205999999999999943e+02,8.000000000000000000e+00,-3.021933454746201786e-01,2.468142297639860580e-02
2.114250000000000114e+02,8.857500000000000284e+01,-1.723792478626076374e-01,1.228429912249452693e-01
1.096500000000000057e+02,8.899999999999998579e+00,-3.382089623722431826e-01,2.977005126949761049e-02
2.284499999999999886e+02,7.154999999999999716e+01,-1.353236025132327214e-01,8.578734587557036717e-02
2.307249999999999943e+02,6.927500000000000568e+01,-1.294223868088496543e-01,7.988613017118730009e-02
2.266250000000000000e+02,7.337500000000000000e+01,-1.341807204583592428e-01,8.464446382069688857e-02
1.642500000000000000e+02,1.315999999999999943e+02,-3.905459361444713617e-01,3.388240206019936807e-01
2.898999999999999773e+02,1.009999999999999432e+01,-5.762575468255021205e-02,8.089498044887854372e-03
3.000000000000000000e+02,0.000000000000000000e+00,-4.953625663766236115e-02,0.000000000000000000e+00
2.866999999999999886e+02,1.330000000000001137e+01,-5.718843425842429218e-02,7.652177620761934501e-03
2.901499999999999773e+02,9.849999999999994316e+00,-5.826652027517083277e-02,8.730263637508468150e-03
1.238499999999999943e+02,7.605000000000001137e+01,-3.819726634076807681e-01,2.434295185928695149e-01
2.013499999999999943e+02,9.864999999999999147e+01,-2.053392385292802935e-01,1.558029818916179254e-01
3.000000000000000000e+02,0.000000000000000000e+00,-4.953625663766236115e-02,0.000000000000000000e+00
4.912500000000000000e+01,1.082500000000000284e+01,-6.204632230533821957e-01,6.737775000366003075e-02
1.103249999999999886e+02,2.827499999999999858e+01,-3.472416352848379795e-01,9.612039975447339568e-02
2.481750000000000114e+02,2.052499999999999147e+01,-8.590898019730690283e-02,1.766590566899291226e-02
3.000000000000000000e+02,0.000000000000000000e+00,-4.953625663766236115e-02,0.000000000000000000e+00
1.749499999999999886e+02,1.250499999999999972e+02,-3.308604229867573854e-01,2.813241663490950173e-01
3.000000000000000000e+02,0.000000000000000000e+00,-4.953625663766236115e-02,0.000000000000000000e+00
3.000000000000000000e+02,0.000000000000000000e+00,-4.953625663766236115e-02,0.000000000000000000e+00
3.000000000000000000e+02,0.000000000000000000e+00,-4.953625663766236115e-02,0.000000000000000000e+00
2.076500000000000057e+02,9.234999999999999432e+01,-1.836608752750620022e-01,1.341246186373996341e-01
7.752500000000000568e+01,4.167499999999999716e+01,-5.052428632216440230e-01,2.000744334758229881e-01
1.545000000000000000e+02,4.615000000000000568e+01,-2.408900622893838939e-01,1.014981928787898335e-01
1.739749999999999943e+02,9.252500000000000568e+01,-2.590774490132700114e-01,1.869137171986978152e-01
1.491750000000000114e+02,3.647500000000000142e+01,-2.422385844511926178e-01,8.351807555152933327e-02
1.770999999999999943e+02,6.459999999999999432e+01,-2.099991046477890089e-01,1.163227004166437067e-01
2.537249999999999943e+02,4.627500000000000568e+01,-8.816497411373490356e-02,3.862871747607254241e-02
2.407500000000000000e+02,5.925000000000000000e+01,-1.066625727848660304e-01,5.712631614720366929e-02
1.992249999999999943e+02,3.747499999999999432e+01,-1.465085052270765908e-01,5.246550673909911033e-02
2.291250000000000000e+02,7.087500000000000000e+01,-1.279337019497815697e-01,7.839744531211920164e-02
2.221500000000000057e+02,7.784999999999999432e+01,-1.434538192184795502e-01,9.391756258081718212e-02
1.647249999999999943e+02,1.352750000000000057e+02,-4.011952388013196313e-01,3.516589821636572633e-01
1.701250000000000000e+02,2.817500000000001137e+01,-1.914539726640227535e-01,5.129519561551748597e-02
1.022249999999999943e+02,9.277499999999999147e+01,-5.917534024633278600e-01,3.268482148898781414e-01
1.469250000000000114e+02,2.717499999999999716e+01,-2.396534644954541327e-01,6.380280713210681465e-02
2.378249999999999886e+02,6.217499999999999716e+01,-1.118545698770954666e-01,6.231831323943310547e-02
1.304000000000000057e+02,2.050000000000000000e+01,-2.812909237103636828e-01,5.949868316539426438e-02
2.685000000000000000e+02,2.600000000000000000e+01,-7.849199913775786741e-02,2.528402022013771094e-02
7.050000000000000000e+01,4.109999999999999432e+01,-5.408277932020024714e-01,2.113859028779349059e-01
2.082249999999999943e+02,5.072499999999999432e+01,-1.427676020292084902e-01,6.657802653984719321e-02
1.560250000000000057e+02,1.439749999999999943e+02,-4.722675495175223115e-01,4.227312928798599434e-01
1.181750000000000114e+02,1.078750000000000142e+02,-5.079808584380832714e-01,4.028096784735232250e-01
1.521500000000000057e+02,7.370000000000000284e+01,-2.949601095904069159e-01,1.677350892972370444e-01
2.029749999999999943e+02,7.142499999999998295e+01,-1.675152414495034991e-01,1.018717715128679285e-01
2.820499999999999545e+02,1.690000000000000568e+01,-6.493434933650289731e-02,1.485591952530333423e-02
2.101999999999999886e+02,8.979999999999999716e+01,-1.764312693739717164e-01,1.268950127363093483e-01
2.080749999999999886e+02,9.192499999999999716e+01,-1.828707958988720628e-01,1.333345392612096947e-01
1.765749999999999886e+02,1.234249999999999972e+02,-3.209060163496944562e-01,2.713697597120320881e-01
1.544000000000000057e+02,3.594999999999999574e+01,-2.284009826527864662e-01,7.906175825037499438e-02
1.145000000000000000e+02,2.850000000000000000e+01,-3.333044357454800211e-01,9.297138526665793545e-02
3.000000000000000000e+02,0.000000000000000000e+00,-4.953625663766236115e-02,0.000000000000000000e+00
2.396500000000000057e+02,6.034999999999999432e+01,-1.082889124754519705e-01,5.875265583778960243e-02
3.000000000000000000e+02,0.000000000000000000e+00,-4.953625663766236115e-02,0.000000000000000000e+00
3.000000000000000000e+02,0.000000000000000000e+00,-4.953625663766236115e-02,0.000000000000000000e+00
3.000000000000000000e+02,0.000000000000000000e+00,-4.953625663766236115e-02,0.000000000000000000e+00
3.000000000000000000e+02,0.000000000000000000e+00,-4.953625663766236115e-02,0.000000000000000000e+00
2.302750000000000057e+02,6.972499999999999432e+01,-1.255879345052871021e-01,7.605167786762473403e-02
1.902500000000000000e+02,3.105000000000001137e+01,-2.233434443695223315e-01,1.902811107381696676e-02
6.877500000000000568e+01,3.282499999999999574e+01,-5.349937431600171323e-01,1.710658221869549300e-01
2.585000000000000142e+01,1.385000000000000142e+01,-7.868538698842870716e-01,1.085114706175758226e-01
2.988500000000000227e+02,1.150000000000005684e+00,-5.013698463033139374e-02,6.007279926690360650e-04
2.392249999999999943e+02,6.077500000000000568e+01,-1.088539101606713355e-01,5.931765352300897437e-02
3.000000000000000000e+02,0.000000000000000000e+00,-4.953625663766236115e-02,0.000000000000000000e+00
1.916250000000000000e+02,1.083750000000000000e+02,-2.533833795106399389e-01,2.038471228729775708e-01
1.638249999999999886e+02,3.427499999999999147e+01,-2.065209608202540348e-01,6.833134454657643908e-02
2.936750000000000114e+02,6.324999999999988631e+00,-5.293981691272470896e-02,3.403560275062347817e-03
3.000000000000000000e+02,0.000000000000000000e+00,-4.953625663766236115e-02,0.000000000000000000e+00
3.000000000000000000e+02,0.000000000000000000e+00,-4.953625663766236115e-02,0.000000000000000000e+00
2.147500000000000000e+02,8.525000000000000000e+01,-1.622765268302353014e-01,1.127402701925729334e-01
2.366250000000000000e+02,6.337500000000000000e+01,-1.135778225479352754e-01,6.404156591027290735e-02
2.001500000000000057e+02,9.984999999999999432e+01,-2.095717474019802296e-01,1.600354907643178615e-01
1.882500000000000000e+02,1.117500000000000000e+02,-2.589637226503810896e-01,2.094274660127187215e-01
1.602750000000000057e+02,1.397249999999999943e+02,-4.356424637860834559e-01,3.861062071484210878e-01
2.117500000000000000e+02,8.825000000000000000e+01,-1.708745458277402540e-01,1.213382891900778859e-01
2.107500000000000000e+02,8.925000000000000000e+01,-1.738325958513350089e-01,1.242963392136726408e-01
1.548000000000000114e+02,1.452000000000000171e+02,-4.833814921980853496e-01,4.338452355604229815e-01
1.581750000000000114e+02,1.418250000000000171e+02,-4.533332311301810358e-01,4.037969744925186677e-01
2.156250000000000000e+02,8.437500000000000000e+01,-1.598830584228764229e-01,1.103468017852140548e-01
7.350000000000000000e+01,6.150000000000000000e+01,-5.778291152247898577e-01,3.175589261806730512e-01
2.132500000000000000e+02,8.675000000000000000e+01,-1.664713829169365000e-01,1.169351262792741319e-01
2.026500000000000057e+02,9.734999999999999432e+01,-2.000996457479483626e-01,1.505633891102859945e-01
2.341750000000000114e+02,6.582500000000000284e+01,-1.178803993566011898e-01,6.834414271893882176e-02
2.252500000000000000e+02,7.475000000000000000e+01,-1.361530817791867798e-01,8.661682514152441170e-02
2.418249999999999886e+02,5.817499999999999716e+01,-1.046209766098796373e-01,5.508471997221726923e-02
2.591999999999999886e+02,4.079999999999999716e+01,-8.148170426815082301e-02,3.194544763048846187e-02
2.951250000000000000e+02,4.875000000000000000e+00,-5.665065341111744091e-02,7.114396773455083228e-03
1.258250000000000028e+02,9.502500000000000568e+01,-4.624058633121386208e-01,3.520654260609903941e-01
2.215000000000000000e+02,7.850000000000000000e+01,-1.454396332610214670e-01,9.590337662335911284e-02
8.942500000000001137e+01,1.097500000000000142e+01,-4.341955703999733629e-01,6.572787260848947377e-02
2.167500000000000000e+02,6.235000000000000853e+01,-1.380357914196602143e-01,7.639262219131859322e-02
9.467500000000001137e+01,8.487500000000001421e+01,-5.409976508813096885e-01,3.743696997146593319e-01
1.045999999999999943e+02,6.009999999999999432e+01,-4.470203985829261373e-01,2.537346941387808585e-01
1.517749999999999773e+02,1.467499999999999716e+01,-2.224364631258336500e-01,3.250557566385740838e-02
1.503249999999999886e+02,2.042499999999999716e+01,-2.280636226589934923e-01,4.613421648156046384e-02
1.594000000000000057e+02,1.100000000000000000e+01,-2.052334717353781479e-01,2.244515025501414573e-02
1.817500000000000000e+02,1.269999999999998863e+01,-1.647658606531479664e-01,2.069080042444952638e-02
2.010000000000000000e+02,3.394999999999998863e+01,-1.426431770635889773e-01,4.684120438209823933e-02
1.706000000000000227e+02,7.200000000000002842e+00,-1.828392501473352638e-01,1.325037438270752765e-02
1.526500000000000057e+02,3.150000000000005684e+00,-2.189294515726378787e-01,6.665020928317499926e-03
1.439250000000000114e+02,9.750000000000085265e-01,-2.390159403320263332e-01,2.945704424573925007e-03
1.551000000000000227e+02,2.254999999999999716e+01,-2.199943065812068332e-01,4.683289127565672116e-02
1.891750000000000114e+02,1.108250000000000028e+02,-2.924073984518655855e-01,2.428711418142032175e-01
1.554250000000000114e+02,1.445750000000000171e+02,-4.776602905413633304e-01,4.281240339037009623e-01
1.995749999999999886e+02,1.004250000000000114e+02,-2.414414626689212195e-01,1.919052060312588515e-01
1.180250000000000057e+02,8.352500000000000568e+01,-4.800393662126147820e-01,2.342934174200182185e-01
1.549250000000000114e+02,1.450750000000000171e+02,-4.822395725701134617e-01,4.327033159324510936e-01
8.104999999999999716e+01,7.170000000000000284e+01,-5.695600520764309005e-01,3.499690169012099616e-01
3.667499999999999716e+01,2.687499999999999645e+01,-7.245716837207714089e-01,1.908048943221415938e-01
8.329999999999999716e+01,2.750000000000000000e+00,-4.547441309886801619e-01,2.852889380591458468e-02
7.047499999999999432e+01,1.722500000000000142e+01,-5.053246044199071196e-01,8.661660316205790910e-02
7.157500000000000284e+01,2.387500000000000000e+01,-5.068727146247715698e-01,1.190704320187302989e-01
1.191500000000000057e+02,5.440000000000000568e+01,-3.526195298837195291e-01,1.748998527055243835e-01
1.002500000000000000e+02,4.744999999999999574e+01,-4.121309212288971069e-01,1.824567924578409939e-01
7.909999999999999432e+01,7.009999999999999432e+01,-5.744069051441897944e-01,3.483610909174279513e-01
8.347499999999999432e+01,7.452500000000000568e+01,-5.650304362619198439e-01,3.582082528003906474e-01
2.336250000000000000e+02,6.637500000000000000e+01,-1.193335281792713004e-01,6.979727154160893232e-02
2.606999999999999886e+02,3.929999999999999716e+01,-8.010523384641841937e-02,3.056897720875605476e-02
2.667500000000000000e+02,3.325000000000000000e+01,-7.428790509342814152e-02,2.475164845576578385e-02
2.716499999999999773e+02,2.834999999999999432e+01,-6.920476731148421379e-02,1.966851067382184917e-02
2.250749999999999886e+02,2.682500000000000284e+01,-1.095326400646912113e-01,2.852697089955835014e-02
1.983249999999999886e+02,2.177499999999999147e+01,-1.418792709678708963e-01,2.995753078054508300e-02
2.319250000000000114e+02,6.787500000000000000e+01,-1.221511050452121633e-01,7.251324866422025062e-02
2.312750000000000057e+02,6.872499999999999432e+01,-1.235060781071641717e-01,7.396982146950180359e-02
2.284499999999999886e+02,7.154999999999999716e+01,-1.292662285825337265e-01,7.972997194487135841e-02
1.205000000000000000e+02,2.544999999999999574e+01,-3.552194355897378975e-01,1.219638523180069656e-01
1.420500000000000114e+02,2.545000000000000284e+01,-2.506279256614397100e-01,6.258848432424161945e-02
8.320000000000000284e+01,7.385000000000000853e+01,-5.641461245001531122e-01,3.553829444774878610e-01
1.134249999999999972e+02,1.041749999999999972e+02,-5.199830442289412602e-01,4.004641091163878008e-01
2.305749999999999886e+02,6.942499999999999716e+01,-1.248993991722275737e-01,7.536314253456520562e-02
1.375000000000000000e+02,2.259999999999999432e+01,-2.604504395370980663e-01,5.804918535571207405e-02
1.300749999999999886e+02,2.937499999999999289e+01,-2.854378195967597343e-01,8.192680766468114772e-02
1.773249999999999886e+02,7.500000000000284217e-02,-1.710610657174117533e-01,9.627160138166446224e-04
1.797749999999999773e+02,3.325000000000002842e+00,-1.679971123887591400e-01,3.668298662968055845e-03
2.262749999999999773e+02,5.037499999999998579e+01,-1.214333387365881811e-01,5.106055706752762879e-02
2.738750000000000000e+02,4.524999999999977263e+00,-6.803198809081496823e-02,5.667100672740732481e-04
2.160999999999999943e+02,8.390000000000000568e+01,-1.585442828593641718e-01,1.090080262217018037e-01
2.156500000000000057e+02,8.434999999999999432e+01,-1.612856992380256593e-01,1.117494426003632912e-01
2.082500000000000000e+02,9.175000000000000000e+01,-1.870314190748937067e-01,1.374951624372313386e-01
1.571750000000000114e+02,1.428249999999999886e+02,-4.620348162826351524e-01,4.124985596449727843e-01
2.006999999999999886e+02,8.504999999999999716e+01,-1.882804943944824394e-01,1.278784318622976091e-01
5.937500000000000000e+01,4.992499999999999716e+01,-6.278440666311205787e-01,2.907715317023039647e-01
2.566999999999999886e+02,4.329999999999999716e+01,-9.723511692051164945e-02,4.769886028284928137e-02
1.298000000000000114e+02,1.000000000000000711e+01,-2.758331331351300819e-01,2.760756571646090507e-02
6.707500000000000284e+01,5.782500000000000284e+01,-6.042871542435932497e-01,3.161738868754197518e-01
1.626500000000000057e+02,1.373499999999999943e+02,-4.314911083692728466e-01,3.819548517316104785e-01
3.000000000000000000e+02,0.000000000000000000e+00,-4.953625663766236115e-02,0.000000000000000000e+00
1.991250000000000000e+02,1.302500000000000568e+01,-1.574744645496052309e-01,1.634597334341292285e-03
6.082500000000000284e+01,1.322499999999999787e+01,-5.711997337041703204e-01,5.524371833082392103e-02
2.031500000000000057e+02,9.685000000000000853e+01,-1.984426810192564394e-01,1.489064243815940713e-01
2.023750000000000000e+02,9.762500000000000000e+01,-2.012963357078387805e-01,1.517600790701764124e-01
2.187750000000000057e+02,8.122499999999999432e+01,-1.516254330992531374e-01,1.020891764615907693e-01
2.448750000000000000e+02,5.512500000000000000e+01,-9.996541919659254760e-02,5.042916255893017952e-02
2.292500000000000000e+02,7.075000000000000000e+01,-1.276839429088650890e-01,7.814768627120273481e-02
2.066750000000000114e+02,9.332500000000000284e+01,-1.867553457209143453e-01,1.372190890832519772e-01
2.451500000000000057e+02,5.484999999999999432e+01,-9.959074266308148848e-02,5.005448602541912040e-02
3.000000000000000000e+02,0.000000000000000000e+00,-4.953625663766236115e-02,0.000000000000000000e+00
2.939499999999999886e+02,6.050000000000011369e+00,-5.404468133329586033e-02,4.508424695633499180e-03
2.902250000000000227e+02,9.775000000000005684e+00,-5.595322284098384891e-02,6.416966203321491230e-03
1.550999999999999943e+02,1.400999999999999943e+02,-4.612120054195247287e-01,4.076525443869952192e-01
1.851750000000000114e+02,2.007500000000000284e+01,-1.617202632506377635e-01,3.226546508647003264e-02
2.272500000000000000e+02,7.275000000000000000e+01,-1.318686405284633656e-01,8.233238389080101138e-02
2.467750000000000057e+02,5.322499999999999432e+01,-9.706231176704639696e-02,4.752605512938402887e-02
3.000000000000000000e+02,0.000000000000000000e+00,-4.953625663766236115e-02,0.000000000000000000e+00
3.000000000000000000e+02,0.000000000000000000e+00,-4.953625663766236115e-02,0.000000000000000000e+00
2.785249999999999773e+02,2.147499999999999432e+01,-7.355133740834977896e-02,2.401508077068741434e-02
2.336750000000000114e+02,6.632500000000000284e+01,-1.188591381681102233e-01,6.932288153044785517e-02
1.020999999999999943e+02,1.810000000000000142e+01,-3.688424334788304448e-01,6.599876683100613928e-02
1.114250000000000114e+02,1.472500000000000142e+01,-3.394940252713640749e-01,4.299876505916452873e-02
1.670250000000000057e+02,1.179750000000000085e+02,-3.381270065409909265e-01,2.803557659611664032e-01
1.702500000000000000e+02,1.297500000000000000e+02,-3.613395327029081394e-01,3.118032760652457713e-01
2.008249999999999886e+02,9.917500000000001137e+01,-2.159606353323004213e-01,1.664243786946380532e-01
2.211500000000000057e+02,7.884999999999999432e+01,-1.458776124387264062e-01,9.634135580106403807e-02
2.120000000000000000e+02,8.800000000000000000e+01,-1.702007362768080401e-01,1.206644796391456720e-01
2.233000000000000114e+02,7.670000000000000284e+01,-1.408613756683241847e-01,9.132511903066181658e-02
7.865000000000000568e+01,6.050000000000000711e+01,-5.460705550178779344e-01,2.956805149209576489e-01
2.413750000000000000e+02,5.862500000000000000e+01,-1.058826266700852586e-01,5.634637003242289055e-02
2.548750000000000000e+02,4.512500000000000000e+01,-8.695125686118161668e-02,3.741500022351924859e-02
1.547249999999999943e+02,1.452750000000000057e+02,-4.840689602970678074e-01,4.345327036594054393e-01
1.576500000000000057e+02,1.423499999999999943e+02,-4.578488630589287456e-01,4.083126064212663775e-01
3.000000000000000000e+02,0.000000000000000000e+00,-4.953625663766236115e-02,0.000000000000000000e+00
1.570500000000000114e+02,1.429499999999999886e+02,-4.631297901309330278e-01,4.135935334932706597e-01
1.500250000000000057e+02,1.282249999999999943e+02,-4.388893856160053231e-01,3.770515906521274552e-01
2.134000000000000057e+02,8.659999999999999432e+01,-1.660773323192817619e-01,1.165410756816193938e-01
2.085749999999999886e+02,9.142499999999999716e+01,-1.806980445546295944e-01,1.311617879169672263e-01
1.977249999999999943e+02,1.022750000000000057e+02,-2.183961478487476127e-01,1.688598912110852446e-01
7.022499999999999432e+01,2.927499999999999858e+01,-5.208896954771777832e-01,1.489277619979520184e-01
2.296500000000000057e+02,7.034999999999999432e+01,-1.272265742142054956e-01,7.769031757654312753e-02
2.360749999999999886e+02,6.392499999999999716e+01,-1.145773774986193622e-01,6.504112086095700795e-02
2.309250000000000114e+02,6.907500000000000284e+01,-1.242561894619495233e-01,7.471993282428715522e-02
2.426250000000000000e+02,5.737500000000000000e+01,-1.035915801303648603e-01,5.405532349270249920e-02
1.042000000000000028e+02,8.964999999999999147e+01,-5.093401131722281594e-01,3.634470397956629517e-01
1.981250000000000000e+02,5.967500000000001137e+01,-1.668428349638306218e-01,8.604581902246684344e-02
2.234499999999999886e+02,4.604999999999999716e+01,-1.238238257188478963e-01,4.811914860221522261e-02
2.844750000000000227e+02,1.552500000000000568e+01,-6.088093169280771322e-02,1.134467505514535554e-02
2.285749999999999886e+02,3.267499999999999716e+01,-1.147137594879376055e-01,4.132058106471808018e-02
1.879000000000000057e+02,6.450000000000000000e+01,-1.868864308803042662e-01,1.067335827159713174e-01
1.916250000000000000e+02,9.767500000000001137e+01,-2.243727588884987523e-01,1.690705795243137854e-01
1.837500000000000000e+02,1.162500000000000000e+02,-2.870941789514090403e-01,2.375579223137466722e-01
1.905999999999999943e+02,1.094000000000000057e+02,-2.514163818697174313e-01,2.018801252320550632e-01
2.034749999999999943e+02,9.652499999999999147e+01,-1.995355061079994163e-01,1.499992494703370483e-01
4.972500000000000142e+01,3.522500000000000142e+01,-6.549742374916939225e-01,2.182297822858418890e-01
1.392250000000000227e+02,6.607500000000000284e+01,-3.085344838726979955e-01,1.788129860723561004e-01
1.065000000000000000e+02,2.665000000000000568e+01,-3.613624371952248726e-01,9.612779446944796913e-02
1.946750000000000114e+02,1.053250000000000028e+02,-2.390061583479927976e-01,1.894699017103304295e-01
5.329999999999999716e+01,3.104999999999999716e+01,-6.226093965211836334e-01,1.854686967785012519e-01
1.834750000000000227e+02,1.040750000000000028e+02,-2.613697466471491260e-01,2.017147551843543052e-01
1.295249999999999773e+02,5.017499999999999716e+01,-3.126618209152776107e-01,1.460985831952303082e-01
1.306250000000000000e+02,3.437500000000000000e+01,-2.953021476360006004e-01,1.027277223419269525e-01
1.535749999999999886e+02,5.232500000000000284e+01,-2.491603607528726227e-01,1.208969707527782628e-01
2.019000000000000057e+02,9.810000000000000853e+01,-2.062901171394437572e-01,1.567538605017813891e-01
1.900250000000000057e+02,1.099750000000000085e+02,-2.567879037012389398e-01,2.072516470635765717e-01
1.932500000000000000e+02,1.067500000000000000e+02,-2.405400682619234509e-01,1.910038116242610828e-01
1.148750000000000000e+02,3.747499999999999432e+01,-3.424215458017075830e-01,1.238496287323220257e-01
1.600749999999999886e+02,1.399249999999999829e+02,-4.395391445164924527e-01,3.900028878788300846e-01
1.900250000000000057e+02,1.099750000000000085e+02,-2.561092863740838110e-01,2.065730297364214429e-01
1.884749999999999943e+02,1.115249999999999915e+02,-2.585015110517205339e-01,2.089652544140581658e-01
1.713000000000000114e+02,1.287000000000000171e+02,-3.554303306325414247e-01,3.058940739948790566e-01
1.580500000000000114e+02,1.419500000000000171e+02,-4.558160511525005121e-01,4.062797945148381440e-01
2.034000000000000057e+02,9.660000000000000853e+01,-2.106103635308870237e-01,1.610741068932246556e-01
1.081250000000000000e+02,7.642500000000001137e+01,-4.567516259717392946e-01,2.781028067561424066e-01
3.000000000000000000e+02,0.000000000000000000e+00,-4.953625663766236115e-02,0.000000000000000000e+00
3.000000000000000000e+02,0.000000000000000000e+00,-4.953625663766236115e-02,0.000000000000000000e+00
2.472249999999999943e+02,5.277500000000000568e+01,-1.053368246121820229e-01,5.580056797451966172e-02
2.950500000000000114e+02,4.949999999999988631e+00,-5.375842754867732332e-02,4.222170911014958700e-03
3.000000000000000000e+02,0.000000000000000000e+00,-4.953625663766236115e-02,0.000000000000000000e+00
3.000000000000000000e+02,0.000000000000000000e+00,-4.953625663766236115e-02,0.000000000000000000e+00
1.625999999999999943e+02,1.374000000000000057e+02,-4.170666215779931241e-01,3.675303649403307560e-01
1.655999999999999943e+02,1.344000000000000057e+02,-3.941235727015718338e-01,3.445873160639094657e-01
1.785250000000000057e+02,1.214749999999999943e+02,-3.106112488152813489e-01,2.610749921776189808e-01
1.860500000000000114e+02,1.139500000000000028e+02,-2.738644844217116847e-01,2.243282277840493166e-01
1.808499999999999943e+02,1.191500000000000057e+02,-2.977357729914832940e-01,2.481995163538209259e-01
1.883249999999999886e+02,1.116749999999999972e+02,-2.616504288481384943e-01,2.121141722104761540e-01
2.080999999999999943e+02,9.190000000000000568e+01,-2.047854684515713619e-01,1.552492118139089938e-01
1.974250000000000114e+02,8.207500000000000284e+01,-2.004716496021092254e-01,1.165068768249667291e-01
2.892500000000000000e+02,1.075000000000000000e+01,-6.324436548834001803e-02,1.370810885067766036e-02
2.451500000000000057e+02,5.484999999999999432e+01,-9.948077348329485703e-02,4.994451684563248894e-02
1.360500000000000114e+02,8.870000000000000284e+01,-3.807099004626912642e-01,2.750440168668277785e-01
2.453500000000000227e+02,2.150000000000001421e+01,-9.162468561574041437e-02,1.517595984216457694e-02
2.811499999999999773e+02,1.884999999999999432e+01,-6.103914085848140270e-02,1.150288422081904502e-02
2.861499999999999773e+02,1.384999999999999432e+01,-5.765893916042154344e-02,8.122682522759178819e-03
2.790000000000000213e+01,9.800000000000000711e+00,-7.671824939358581341e-01,7.502010621777888133e-02
1.669749999999999943e+02,1.330250000000000057e+02,-3.841984296836527535e-01,3.346621730459903854e-01
1.783750000000000000e+02,1.216250000000000000e+02,-3.105570065837700011e-01,2.610207499461076330e-01
3.000000000000000000e+02,0.000000000000000000e+00,-4.953625663766236115e-02,0.000000000000000000e+00
1.546750000000000114e+02,1.453249999999999886e+02,-4.845349929710214276e-01,4.349987363333590595e-01
1.555500000000000114e+02,1.444500000000000171e+02,-4.765206547065100606e-01,4.269843980688476925e-01
1.765000000000000000e+02,1.235000000000000000e+02,-3.213657565970138297e-01,2.718294999593514616e-01
1.548000000000000114e+02,1.452000000000000171e+02,-4.833768784746133029e-01,4.338406218369509348e-01
1.972750000000000057e+02,1.027249999999999943e+02,-2.201166543888091187e-01,1.705803977511467506e-01
2.333000000000000114e+02,6.670000000000000284e+01,-1.196290864615234123e-01,7.009282982386104421e-02
1.492749999999999773e+02,6.442499999999999716e+01,-2.826539203767668429e-01,1.644226300886437730e-01
1.774000000000000057e+02,9.234999999999999432e+01,-2.489180119077934461e-01,1.808566179185457645e-01
9.477500000000000568e+01,8.322499999999999432e+01,-5.347621973216641900e-01,3.646958374811264392e-01
8.727500000000000568e+01,6.402500000000000568e+01,-5.102827283115071166e-01,2.894486089092190850e-01
2.293750000000000000e+02,7.062500000000000000e+01,-1.272784855037445151e-01,7.774222886608214700e-02
1.993500000000000227e+02,8.950000000000001421e+01,-1.954359939349265829e-01,1.396023429089766899e-01
2.077500000000000000e+02,9.225000000000000000e+01,-1.832268050606195575e-01,1.336905484229571894e-01
2.961000000000000227e+02,3.900000000000005684e+00,-5.218903702111130083e-02,2.652780383448936213e-03
2.687250000000000227e+02,3.127500000000000568e+01,-7.217979555133734182e-02,2.264353891367497720e-02
2.608000000000000114e+02,3.920000000000000284e+01,-7.959166511343618300e-02,3.005540847577381838e-02
1.645250000000000057e+02,1.625000000000000000e+00,-1.935008601409131113e-01,3.171762342163722548e-03
2.163000000000000114e+02,4.295000000000000284e+01,-1.259195766420780349e-01,5.109070891797230785e-02
8.745000000000000284e+01,7.820000000000000284e+01,-5.558755305284734938e-01,3.645808968670672390e-01
9.592500000000001137e+01,7.437500000000000000e+01,-4.981606404285094936e-01,3.155940082576196293e-01
1.221250000000000000e+02,4.572499999999999432e+01,-3.280406203697905920e-01,1.409764199461023826e-01
9.435000000000000853e+01,7.145000000000000284e+01,-4.968498998679991008e-01,3.058980404060652747e-01
1.656999999999999886e+02,1.414999999999999147e+01,-1.932045972723216987e-01,2.728012749012966032e-02
2.504749999999999943e+02,4.952500000000000568e+01,-9.200280581887283760e-02,4.246654918121046951e-02
2.444499999999999886e+02,1.750000000000000000e+00,-8.679943245058457935e-02,1.551351761259568696e-03
1.842749999999999773e+02,1.882500000000000284e+01,-1.616307295162706104e-01,3.008385984420502979e-02
1.578499999999999943e+02,3.280000000000000426e+01,-2.182149685457391020e-01,6.933366275275107404e-02
9.717499999999999716e+01,1.887500000000000000e+01,-3.875353430390587883e-01,7.277700424928346123e-02
1.016250000000000000e+02,4.207499999999999574e+01,-3.970568910222602721e-01,1.585221990161422845e-01
1.594250000000000114e+02,9.625000000000000000e+00,-2.055435415785690778e-01,2.058776360576784759e-02
1.104749999999999943e+02,5.472499999999999432e+01,-3.847345219704491615e-01,1.924839359771686742e-01
2.397250000000000227e+02,1.632500000000000284e+01,-9.458095269529490090e-02,1.266938626434316317e-02
1.702750000000000057e+02,5.487500000000000000e+01,-2.111640320565508766e-01,1.056170473929452375e-01
2.731499999999999773e+02,2.684999999999999432e+01,-6.746788048295600249e-02,1.793162384529364481e-02
2.755000000000000000e+02,2.450000000000000000e+01,-6.551811823447908911e-02,1.598186159681673144e-02
2.498499999999999943e+02,5.015000000000000568e+01,-9.268329981930166495e-02,4.314704318163929686e-02
2.081250000000000000e+02,9.187500000000000000e+01,-1.819071610321028876e-01,1.323709043944405195e-01
3.000000000000000000e+02,0.000000000000000000e+00,-4.953625663766236115e-02,0.000000000000000000e+00
2.504250000000000114e+02,4.957500000000000284e+01,-9.199123018109248151e-02,4.245497354343011343e-02
2.994750000000000227e+02,5.250000000000056843e-01,-4.982726086021344036e-02,2.910042225510826863e-04
1.689499999999999886e+02,8.110000000000000853e+01,-2.556141175446319247e-01,1.625694449544367315e-01
8.304999999999999716e+01,3.200000000000000000e+01,-4.614384091287807577e-01,1.434855510355681762e-01
2.184749999999999943e+02,8.152500000000000568e+01,-1.696285073881709515e-01,1.200922507505085834e-01
2.581999999999999886e+02,4.179999999999999716e+01,-8.225463530853134586e-02,3.271837867086898471e-02
1.555500000000000114e+02,1.444500000000000171e+02,-4.770534564176024395e-01,4.275171997799400714e-01
3.000000000000000000e+02,0.000000000000000000e+00,-4.953625663766236115e-02,0.000000000000000000e+00
1.768750000000000000e+02,1.231250000000000000e+02,-3.192100983299632211e-01,2.696738416923008530e-01
1.763750000000000000e+02,1.236250000000000000e+02,-3.226490339992502676e-01,2.731127773615878995e-01
1.583499999999999943e+02,1.416500000000000057e+02,-4.519703201545426929e-01,4.024340635168803249e-01
1.552500000000000000e+02,1.447500000000000000e+02,-4.793025703300616835e-01,4.297663136923993155e-01
1.690500000000000114e+02,1.309499999999999886e+02,-3.743438931464920794e-01,3.248076365088297113e-01
1.624000000000000057e+02,1.375999999999999943e+02,-4.235420957618114546e-01,3.740058391241490865e-01
1.570999999999999943e+02,1.429000000000000057e+02,-4.626710405191425401e-01,4.131347838814801721e-01
1.570000000000000000e+02,1.430000000000000000e+02,-4.635597082795724355e-01,4.140234516419100674e-01
3.000000000000000000e+02,0.000000000000000000e+00,-4.953625663766236115e-02,0.000000000000000000e+00
1.756250000000000000e+02,1.243750000000000000e+02,-3.268205065289362943e-01,2.772842498912739262e-01
9.482500000000000284e+01,7.057500000000000284e+01,-4.918606486457917093e-01,2.999727044516164454e-01
2.294999999999999929e+01,2.500000000000000000e+00,-8.027072750764872033e-01,1.989272800119912255e-02
2.427499999999999858e+01,3.424999999999998934e+00,-7.920301075525806311e-01,2.727310842819236081e-02
1.054500000000000028e+02,2.025000000000000000e+01,-3.576700814308103604e-01,7.186406316071924927e-02
1.150999999999999943e+02,1.325000000000000000e+01,-3.207853366544696216e-01,4.232501971510460592e-02
1.183000000000000114e+02,8.600000000000001421e+00,-3.090784414315088657e-01,2.650938687774984093e-02
1.120000000000000000e+02,2.940000000000000568e+01,-3.677520282474001645e-01,1.233031484131366373e-01
1.370999999999999943e+02,9.275000000000000000e+01,-3.745171860733043090e-01,2.726168676520061007e-01
2.775249999999999773e+02,2.247499999999999432e+01,-6.378178438845706621e-02,1.424552775079470160e-02
2.717749999999999773e+02,2.822499999999999432e+01,-6.853719876822042534e-02,1.900094213055806072e-02
1.746999999999999886e+02,1.252999999999999972e+02,-3.323084635876337734e-01,2.827722069499714053e-01
1.565000000000000000e+02,1.435000000000000000e+02,-4.680031386413633920e-01,4.184668820037010240e-01
1.584250000000000114e+02,1.415749999999999886e+02,-4.512066944948002201e-01,4.016704378571378520e-01
3.030000000000000071e+01,2.120000000000000284e+01,-7.620958852854615717e-01,1.597493660817281835e-01
9.795000000000000284e+01,2.475000000000000000e+01,-3.901349225599496373e-01,9.420793036590888181e-02
1.818500000000000227e+02,3.454999999999999716e+01,-1.731845451091507671e-01,5.718972331488756528e-02
2.117500000000000000e+02,8.825000000000000000e+01,-1.709889714030961294e-01,1.214527147654337613e-01
2.169000000000000057e+02,8.309999999999999432e+01,-1.565204799866110330e-01,1.069842233489486649e-01
2.305999999999999943e+02,6.940000000000000568e+01,-1.249428898091580753e-01,7.540663317149570721e-02
2.053750000000000000e+02,2.142500000000001137e+01,-1.317552715531198626e-01,2.749907363709305774e-02
2.053000000000000114e+02,6.600000000000008527e+00,-1.288708853072105254e-01,8.363288200450680332e-03
2.270250000000000057e+02,6.125000000000000000e+00,-1.035405520207361985e-01,6.235274331148704663e-03
2.236999999999999886e+02,1.875000000000000000e+01,-1.087957910046449123e-01,2.009992327751926322e-02
1.880249999999999773e+02,4.174999999999997158e+00,-1.531447792219986781e-01,6.671477792323993183e-03
1.757750000000000057e+02,2.222499999999999432e+01,-1.772494929566135191e-01,3.897942420818009679e-02
2.525999999999999943e+02,4.740000000000000568e+01,-8.910111536906659135e-02,3.956485873140422327e-02
2.365749999999999886e+02,2.367499999999999716e+01,-9.746129802459235769e-02,2.164514995431180561e-02
2.157500000000000000e+02,1.369999999999998863e+01,-1.169244349623043966e-01,1.584371741359763552e-02
2.345500000000000114e+02,1.070000000000000284e+01,-9.642832396792021254e-02,1.026473386643013408e-02
2.013750000000000000e+02,6.782499999999998863e+01,-1.661273946226091147e-01,9.818377157421807888e-02
2.995249999999999773e+02,4.749999999999943157e-01,-4.978470536063531876e-02,2.484487229729576141e-04
