5.546499999999999631e+01,4.485027898463955154e+01,-6.403030019978172005e-01,2.334221696075976515e-01,2.707499999999999929e+01,3.001169980191058428e+01,-8.004099588671461651e-01,1.810861482357204177e-01,5.644499999999999318e+01,7.004187479643873360e+01,-6.937411818151683063e-01,3.119674997090216007e-01,1.716499999999999915e+01,1.242839591419584622e+01,-8.576280855983494655e-01,9.614968797316339466e-02,1.683500000000000085e+01,2.117103032447877808e+01,-8.691025125461827594e-01,1.396147404056565788e-01,3.215500000000000114e+01,2.511810552171480992e+01,-7.709917997185271599e-01,1.580841262846949258e-01
5.388000000000000966e+01,4.410695069940791058e+01,-6.473471276552409392e-01,2.298280514846566813e-01,2.569500000000000028e+01,2.597243201935467738e+01,-8.048060506043516193e-01,1.679917649314181805e-01,3.580999999999999517e+01,4.471420803279422529e+01,-7.664842590543355927e-01,2.339091745645122677e-01,1.085500000000000043e+01,3.382561898916263576e+00,-9.064833302603393372e-01,2.891029326186725715e-02,2.996000000000000085e+01,3.041390964673894359e+01,-7.822275327720999982e-01,1.888837830291768549e-01,3.064999999999999858e+01,4.016330414694488127e+01,-7.946808789726595990e-01,2.219691062583628305e-01
5.320000000000000284e+01,4.358557674277122373e+01,-6.496160160270946227e-01,2.280733504859702721e-01,2.334999999999999432e+01,2.316144425548631602e+01,-8.191078707290182503e-01,1.541121774605219152e-01,3.540500000000000114e+01,5.566756887991427050e+01,-7.838017569744457624e-01,2.291187356538309516e-01,2.574499999999999744e+01,4.449232209044611608e+01,-8.430739634408407346e-01,1.895855231969476029e-01,3.416000000000000369e+01,3.229100339103757022e+01,-7.531552816409619044e-01,2.055604792716201612e-01,1.423499999999999943e+01,1.435654989891373390e+01,-8.866016783167960380e-01,9.602896889969209093e-02
5.276500000000000057e+01,4.206025469490169399e+01,-6.515032725924213564e-01,2.262750084814147966e-01,2.225000000000000000e+01,2.134004451729189711e+01,-8.255538251077443324e-01,1.443909953312091932e-01,2.660000000000000142e+01,3.773889903004590707e+01,-8.227371419413689324e-01,1.728607265296180084e-01,3.322500000000000142e+01,4.290436020965701402e+01,-7.995130908984734441e-01,2.017006082769620678e-01,4.731000000000000227e+01,4.879840571166234753e+01,-6.944666046919575342e-01,2.609165034153644314e-01,1.903500000000000014e+01,2.529472326395368853e+01,-8.617966069865798939e-01,1.402676995589694497e-01
5.524499999999999034e+01,4.763147829954472456e+01,-6.453043854193538653e-01,2.381455613638608082e-01,2.176000000000000156e+01,1.926227920055152865e+01,-8.271165989979673006e-01,1.353243257600659777e-01,1.333499999999999908e+01,4.449834266576678132e+00,-8.852431341871870307e-01,3.802914043636831942e-02,3.166499999999999915e+01,4.058800962106912635e+01,-7.925248735697033586e-01,2.031006732144697291e-01,4.455499999999999261e+01,5.610967585898174548e+01,-7.291531293843069861e-01,2.655786337278821518e-01,3.057499999999999929e+01,4.110773193694830496e+01,-7.963485111075526701e-01,2.289430886825313816e-01
4.984499999999999886e+01,3.918105058571043031e+01,-6.618706423888889301e-01,2.192430927631481841e-01,2.062500000000000000e+01,1.922107242065332855e+01,-8.361279473119198613e-01,1.331496869794942250e-01,1.320499999999999829e+01,5.599662936284646619e+00,-8.865663837847019835e-01,4.757066892820521059e-02,2.621999999999999886e+01,3.519432624728025871e+01,-8.174620064661469732e-01,1.988136984791210038e-01,1.926999999999999602e+01,2.862695582837965347e+01,-8.600577648532647945e-01,1.697121535189017871e-01,1.879500000000000171e+01,1.842478561612047372e+01,-8.502732715924308238e-01,1.322927001244947887e-01
5.042500000000000426e+01,3.965693665678174540e+01,-6.590308254824835954e-01,2.167419434536915490e-01,1.896999999999999886e+01,1.680178859526568047e+01,-8.469442368313794267e-01,1.206448042121425757e-01,1.315000000000000036e+01,5.465391111347841502e+00,-8.870163541991296086e-01,4.635155635797741369e-02,5.536500000000000909e+01,6.259063048891582781e+01,-6.895315519930381720e-01,2.804649781693039912e-01,2.204000000000000270e+01,2.655572254712719982e+01,-8.345309646540947091e-01,1.744378123709494077e-01,1.476500000000000412e+01,1.388709922914069139e+01,-8.785193734135594568e-01,1.024704790408054456e-01
5.161499999999999488e+01,4.442398029218003330e+01,-6.592098635316846478e-01,2.248144520978738736e-01,1.876500000000000057e+01,1.587302822400312863e+01,-8.473853653370870820e-01,1.155595525440330507e-01,1.282999999999999829e+01,4.768658092168069018e+00,-8.894735889589547861e-01,4.074821388962119456e-02,7.484499999999999886e+01,8.271162690335621903e+01,-6.289837439023828747e-01,3.588980034075206493e-01,3.935999999999999943e+01,5.376057012346502262e+01,-7.643314822203806091e-01,2.651932547698104825e-01,4.260000000000000853e+01,4.289439357305334255e+01,-7.171087070068965508e-01,2.511662452345425067e-01
4.854500000000000171e+01,3.826543120102007123e+01,-6.684134978264660853e-01,2.140947197413848868e-01,1.776999999999999957e+01,1.387701697051639371e+01,-8.538012979614053588e-01,1.045376560108829261e-01,1.257499999999999929e+01,3.762994153596308511e+00,-8.915080151947606391e-01,3.246996932055012247e-02,5.815000000000001279e+01,7.701158354429546193e+01,-7.038125221223097139e-01,3.276988175670995096e-01,3.298999999999999488e+01,4.572483351527920092e+01,-7.888737465932861292e-01,2.476244292600440766e-01,5.757999999999999829e+01,5.863560437140560566e+01,-6.588791210256815800e-01,3.029236991243152710e-01
4.922499999999999432e+01,4.183339126822017562e+01,-6.695874029968942320e-01,2.169167343187951569e-01,1.712500000000000000e+01,1.369936586123605871e+01,-8.585370564313761221e-01,1.041885325749868224e-01,1.283999999999999986e+01,4.155345954309941803e+00,-8.892793092679248668e-01,3.573901493488368386e-02,4.774000000000000199e+01,7.613187505900533836e+01,-7.603968746829441461e-01,3.125667268847420743e-01,3.957500000000000284e+01,4.488123912059469944e+01,-7.433403790637189701e-01,2.538119449678898909e-01,9.864999999999998437e+00,1.741701754032532357e+00,-9.153099381716405247e-01,1.450468957917644755e-02
4.698499999999999943e+01,3.782310834661794274e+01,-6.776350125383772127e-01,2.079726506068760028e-01,1.666999999999999815e+01,1.248853874558589006e+01,-8.619282871328619589e-01,9.634604753596508198e-02,1.303000000000000114e+01,4.202332685545017377e+00,-8.875789826679424399e-01,3.603209156622657477e-02,5.801999999999999602e+01,7.508424335371570635e+01,-6.986746024310688252e-01,3.355027339391410957e-01,6.103499999999998948e+01,6.528779767307210591e+01,-6.600206261775376504e-01,3.093771564445133571e-01,1.632000000000000028e+01,2.041063693273681068e+01,-8.725357043036618965e-01,1.363711347979572608e-01
4.974999999999998579e+01,4.024098035585117117e+01,-6.655380660496347245e-01,2.155277500875917018e-01,1.644000000000000128e+01,1.215731878335021676e+01,-8.633053682379877580e-01,9.448797906020001136e-02,1.252000000000000135e+01,3.599736101438547831e+00,-8.920294573094981194e-01,3.088682274827636576e-02,4.542999999999999972e+01,5.641354979080823284e+01,-7.285742957323473323e-01,2.920987013115904363e-01,6.461999999999999034e+01,8.448475957236311729e+01,-6.877606925678249050e-01,3.538126666606535298e-01,3.200000000000000000e+01,4.281769494029308731e+01,-7.891749122584614806e-01,2.351679734142087530e-01
4.647500000000000142e+01,3.882194128324857729e+01,-6.817560494072687494e-01,2.074816063519426268e-01,1.509499999999999886e+01,1.023868766004706465e+01,-8.731358032146141479e-01,8.132833874408267050e-02,1.266000000000000014e+01,3.573779511945301746e+00,-8.907102144400369514e-01,3.085442817602082610e-02,3.367000000000000171e+01,5.090827143009277478e+01,-7.937906316438976262e-01,2.550562609320413676e-01,3.992000000000000171e+01,4.961250951121098751e+01,-7.487432960590304498e-01,2.629782058338195894e-01,7.106000000000001648e+01,7.897679975790359208e+01,-6.345772932895091811e-01,3.453436946157897869e-01
4.667000000000000171e+01,4.122741927407049900e+01,-6.859015837191103637e-01,2.139352686030450978e-01,1.429500000000000171e+01,9.121607588577793635e+00,-8.791430746593400514e-01,7.343028988275386582e-02,1.233999999999999986e+01,3.337424156441611167e+00,-8.935027281923533238e-01,2.876910727067043261e-02,5.139499999999999602e+01,6.688063415518726629e+01,-7.149450995599743175e-01,3.121775788063875789e-01,2.821499999999999631e+01,4.753058515314113208e+01,-8.236637428012489881e-01,2.198545845638505691e-01,2.389499999999999957e+01,3.090323971689700144e+01,-8.312446620175452106e-01,1.780287966927373566e-01
4.777000000000000313e+01,4.032224696119996565e+01,-6.786783258960349396e-01,2.119677831388232792e-01,1.411500000000000021e+01,9.016514015959826267e+00,-8.804346153108058015e-01,7.216121232559791210e-02,1.222499999999999964e+01,3.031934201132999718e+00,-8.944414074132648329e-01,2.622523181179085144e-02,7.564000000000001478e+01,8.214674004487335424e+01,-6.227668432564676948e-01,3.625230558521621016e-01,4.301999999999999602e+01,5.994806585703995694e+01,-7.463758256870500762e-01,2.788170061706187197e-01,1.603499999999999659e+01,1.649851584234169621e+01,-8.726168399933722508e-01,1.099156678243520535e-01
4.857000000000000739e+01,3.945440533071053579e+01,-6.718315629595573713e-01,2.120207021210994691e-01,1.406999999999999851e+01,8.388271574049090518e+00,-8.811651887845796116e-01,6.783919729479735705e-02,1.172000000000000064e+01,2.549725475418873621e+00,-8.986880616321426540e-01,2.216591108804120275e-02,4.971000000000000085e+01,6.229440905891956959e+01,-7.160591193749097361e-01,3.101137509043452312e-01,1.717500000000000071e+01,2.073933762201676601e+01,-8.656667840422669347e-01,1.377719306799096155e-01,3.889000000000000057e+01,5.076394783702308189e+01,-7.586297351085434792e-01,2.536640874308674909e-01
4.516000000000000369e+01,3.729924127914668475e+01,-6.878100319935087636e-01,2.030273322684847670e-01,1.346999999999999886e+01,7.313350805205503846e+00,-8.851781389246049514e-01,6.029304939245475753e-02,1.140000000000000036e+01,2.341687425768007369e+00,-9.017290196662672841e-01,1.995258393232475155e-02,4.138500000000000512e+01,6.393174504891916143e+01,-7.719313112920851427e-01,2.928602922522497987e-01,3.766499999999999915e+01,5.826096913886689777e+01,-7.810234075158172251e-01,2.626454079000175024e-01,1.773499999999999943e+01,2.345861302379149649e+01,-8.648181823783904765e-01,1.495345354543942684e-01
4.717000000000000171e+01,3.696998241817272657e+01,-6.763688430479152247e-01,2.055096649591849622e-01,1.340499999999999758e+01,7.291105883197691817e+00,-8.860838854002108800e-01,5.999667716439563425e-02,1.057999999999999829e+01,1.443294841673038231e+00,-9.086596921034348906e-01,1.257533859412600027e-02,5.137000000000000455e+01,6.622796690220830840e+01,-7.141523554917719174e-01,3.154459485463399493e-01,5.142999999999999261e+01,5.605867997018837912e+01,-6.873437398057309355e-01,2.809680207731490853e-01,2.380499999999999972e+01,2.920981384740409581e+01,-8.255876003454650780e-01,1.882924800842269986e-01
4.436499999999999488e+01,3.571822399000264170e+01,-6.912535267110488935e-01,1.992644540641800577e-01,1.269999999999999929e+01,6.332495558624577470e+00,-8.914802250735986977e-01,5.274875639183242149e-02,1.087500000000000000e+01,1.886034199053665095e+00,-9.060579290871263458e-01,1.639785147069640694e-02,4.952499999999999858e+01,6.222750296291825123e+01,-7.172006025966631837e-01,3.088233622705469084e-01,5.479499999999999460e+01,7.476684576067123089e+01,-7.127433193979549886e-01,3.223613653435997706e-01,3.945500000000000540e+01,5.765314583784652314e+01,-7.700848663007726635e-01,2.687732548272911415e-01
4.645999999999999375e+01,3.803312897987753161e+01,-6.831893692272001939e-01,2.082218788842978008e-01,1.264499999999999957e+01,6.561686140010051460e+00,-8.917307089609897153e-01,5.513854081091854736e-02,1.121000000000000085e+01,2.200772591614135631e+00,-9.032442740025660166e-01,1.912093247540630134e-02,3.647000000000000597e+01,5.542817514585880900e+01,-7.843598155317160758e-01,2.697391343405854958e-01,2.225000000000000000e+01,3.154602986114100460e+01,-8.414676287304748703e-01,1.773782457331692375e-01,3.323999999999999488e+01,5.694029680287941630e+01,-8.038694872352458720e-01,2.414983219892680444e-01
4.338500000000000512e+01,3.467240293086130976e+01,-6.958205883252946977e-01,1.974589135456574218e-01,1.228500000000000014e+01,5.859908275732649052e+00,-8.947784572844946771e-01,4.889586588839554132e-02,1.094500000000000206e+01,1.611901051553723763e+00,-9.054417103532175215e-01,1.406332324278052742e-02,4.873999999999999488e+01,6.011195305428031332e+01,-7.177845005804901479e-01,3.059714676066848105e-01,2.967500000000000426e+01,3.948915832225346634e+01,-8.007182733669349073e-01,2.241518407885408071e-01,1.895499999999999829e+01,2.273203081556946969e+01,-8.542134985903689914e-01,1.443335634953781532e-01
4.152499999999999858e+01,3.477233275177263749e+01,-7.073826764987052318e-01,1.943536843800898195e-01,1.238500000000000156e+01,6.598865432784639218e+00,-8.941292781500337350e-01,5.490214189612165757e-02,1.064499999999999957e+01,1.235202412562410812e+00,-9.080835411525478573e-01,1.075856613563212945e-02,6.979999999999998295e+01,7.527768261576601105e+01,-6.343198510934326961e-01,3.494265034381448531e-01,4.273000000000000398e+01,5.991203635330716537e+01,-7.497465669803627941e-01,2.743504143558736508e-01,3.916499999999999204e+01,5.668758263500041039e+01,-7.713390381508850036e-01,2.684972105197876435e-01
4.347500000000000142e+01,3.581752538911642603e+01,-6.969996743340250989e-01,1.972650970003039794e-01,1.198500000000000121e+01,5.281668770379301492e+00,-8.971847047101617623e-01,4.452793020240984612e-02,1.078000000000000114e+01,1.508674915281619455e+00,-9.068733566634523680e-01,1.311083675834412952e-02,5.089500000000000313e+01,6.418661640092894061e+01,-7.136690680079087468e-01,3.147789968205330635e-01,2.017999999999999972e+01,2.997971147292781779e+01,-8.550599341706996981e-01,1.715676542106049918e-01,4.339000000000000057e+01,6.460203092782765566e+01,-7.585795271654561800e-01,2.876934650172873198e-01
4.123000000000000398e+01,3.081705047534562780e+01,-7.023874005683985455e-01,1.845554019283503211e-01,1.236999999999999922e+01,6.130546468301173668e+00,-8.940862352545473346e-01,5.083580860264978046e-02,9.940000000000001279e+00,5.932115979985556065e-01,-9.143072425341989273e-01,5.108654768761071094e-03,3.935999999999999943e+01,6.063542611378269243e+01,-7.768377393667351694e-01,2.833235067412194774e-01,5.060499999999999687e+01,6.520174633397482467e+01,-7.167343173451483640e-01,2.992674086420124002e-01,1.772000000000000242e+01,2.504383357235868246e+01,-8.671641719970253348e-01,1.564785733602572504e-01
3.929000000000000625e+01,3.156537501757266284e+01,-7.175685011704041605e-01,1.876772994861262145e-01,1.208499999999999908e+01,5.880818395427628964e+00,-8.964317056366448710e-01,4.919530784806858820e-02,1.028999999999999915e+01,1.376008720902596849e+00,-9.112481239715151116e-01,1.197702666621990215e-02,5.150999999999999091e+01,6.552388419500174166e+01,-7.124400226320808382e-01,3.161390828467140479e-01,4.482500000000000284e+01,5.624624098550943074e+01,-7.316435994199442794e-01,2.737529608968372052e-01,1.720500000000000185e+01,2.279131907108493849e+01,-8.681957773913170362e-01,1.469792445671612713e-01
4.048000000000000398e+01,3.303617865310695834e+01,-7.112909187844113079e-01,1.889252766835397279e-01,1.133500000000000085e+01,4.380813280659197062e+00,-9.025782045804744413e-01,3.721147709869238041e-02,1.045999999999999908e+01,1.244949798184649570e+00,-9.097645458698563337e-01,1.074132788378168342e-02,5.188500000000000512e+01,6.576647721293880977e+01,-7.117079769276897228e-01,3.177672476337517482e-01,5.306000000000000227e+01,7.185136672325725726e+01,-7.168417258674298909e-01,3.184808111904416927e-01,3.046499999999999631e+01,3.966216742690696861e+01,-7.938084369075326663e-01,2.231046806441026042e-01
4.014000000000000057e+01,3.111614371994062012e+01,-7.092706081659715389e-01,1.851468218697958357e-01,1.155999999999999872e+01,4.996638870280700750e+00,-9.007815061513598787e-01,4.216469701046034191e-02,1.065499999999999936e+01,1.436393052057827191e+00,-9.080173430194641293e-01,1.243664868868891299e-02,3.860499999999999687e+01,5.953832148289033199e+01,-7.794095388016948345e-01,2.801553246121027407e-01,2.013999999999999702e+01,2.914968953522489770e+01,-8.541739292890989654e-01,1.681982046783026541e-01,3.757000000000000028e+01,5.847319129310456987e+01,-7.807401275882832614e-01,2.670207593934479928e-01
3.865500000000000114e+01,3.233399488154843482e+01,-7.221181450214040343e-01,1.845374029691895790e-01,1.194499999999999851e+01,5.931334166947600295e+00,-8.976573968379133461e-01,4.961708579511454886e-02,1.066999999999999815e+01,1.173925040196349245e+00,-9.078531397075313425e-01,1.013434244034093143e-02,4.961499999999999488e+01,6.182325230040878239e+01,-7.155133906601880422e-01,3.089716121128440740e-01,2.917999999999999616e+01,4.070050491087303612e+01,-8.071518338640888413e-01,2.262680553270102202e-01,1.989999999999999858e+01,2.939472741836535619e+01,-8.558222706019440462e-01,1.712177788737278827e-01
3.996499999999999631e+01,3.397306322662117850e+01,-7.176011968432627341e-01,1.916757281246037614e-01,1.172500000000000142e+01,4.951174103179971198e+00,-8.992852685399356227e-01,4.186318852644427269e-02,1.066000000000000014e+01,1.126232658024087119e+00,-9.080300132410910052e-01,9.737192796451804230e-03,6.871000000000000796e+01,7.399054601771769057e+01,-6.366545290110308120e-01,3.466418594052572688e-01,3.703999999999999915e+01,5.434041681842347060e+01,-7.798813024652825332e-01,2.638047416646063237e-01,4.471499999999999631e+01,6.130223099529085573e+01,-7.406594894775346827e-01,2.762136563348608354e-01
3.849499999999999744e+01,3.353710966973748953e+01,-7.253455939191034707e-01,1.887554136738821553e-01,1.129000000000000092e+01,4.374231361050761713e+00,-9.029842480982164243e-01,3.702064281277355623e-02,1.032500000000000107e+01,9.571441897645308616e-01,-9.109769631649454746e-01,8.194638695252796923e-03,5.307999999999999829e+01,6.757541786774241643e+01,-7.088869024603193791e-01,3.222737911363351415e-01,1.837500000000000355e+01,2.376518724942010508e+01,-8.600254542014983405e-01,1.495628942936929606e-01,3.049499999999999389e+01,3.169703811083931555e+01,-7.853801200066674593e-01,1.971078118233308418e-01
3.898999999999999488e+01,3.221238736883685760e+01,-7.199264813004939700e-01,1.854815564651931536e-01,1.113500000000000156e+01,3.756930262860890490e+00,-9.040899231345841391e-01,3.238512494525163515e-02,1.012000000000000099e+01,9.094503834734473102e-01,-9.128624097310877872e-01,7.732828271356797893e-03,3.874499999999999744e+01,5.950015315106340097e+01,-7.784911125540460164e-01,2.813750951458110494e-01,4.273499999999999233e+01,5.429094330549065006e+01,-7.386183295619860312e-01,2.682566330349973605e-01,2.700999999999999801e+01,5.264719745627491676e+01,-8.424742896905824674e-01,2.281019358774429018e-01
3.701500000000000057e+01,2.927876406202966919e+01,-7.280642042093112831e-01,1.771435495295895501e-01,1.132499999999999929e+01,4.552156082561316985e+00,-9.026819836856656565e-01,3.852923514676806493e-02,1.010500000000000043e+01,9.174557210023815967e-01,-9.128691698341571126e-01,7.994000842967976042e-03,5.118499999999999517e+01,6.542245810881763646e+01,-7.141771384374553389e-01,3.159340216378287991e-01,4.591999999999999460e+01,5.979184810657720561e+01,-7.319152407838349639e-01,2.799597233809041352e-01,2.910500000000000043e+01,5.699383497361797879e+01,-8.349108120099778541e-01,2.337566320573873646e-01
3.830999999999998806e+01,3.207673455949031194e+01,-7.233909446246309383e-01,1.861597274419264092e-01,1.137500000000000000e+01,4.434763240580042343e+00,-9.021418775249172572e-01,3.772013099938441999e-02,1.004000000000000092e+01,1.093800713110025136e+00,-9.134587373924194509e-01,9.421643431875438568e-03,5.341499999999999915e+01,6.792268417104848766e+01,-7.077262560341188724e-01,3.221986899034290364e-01,5.181000000000000227e+01,6.757003329879303521e+01,-7.173320715293662886e-01,3.127088449290351679e-01,3.360500000000000398e+01,4.800521039428949877e+01,-7.864722122121733383e-01,2.416938713806365824e-01
3.684999999999999432e+01,2.850698160100433753e+01,-7.273748177612476828e-01,1.785811518807179921e-01,1.118500000000000050e+01,4.270541534747086310e+00,-9.039053963085248444e-01,3.612557186209594540e-02,1.023000000000000043e+01,7.941032678436729109e-01,-9.118179292418993054e-01,6.805176418399902852e-03,3.888000000000000256e+01,5.997765917406246672e+01,-7.784211777261692555e-01,2.815122521543246825e-01,2.257000000000000028e+01,3.760240816756288496e+01,-8.491925394362244139e-01,1.928395101305356019e-01,4.801500000000000057e+01,6.118157831406443847e+01,-7.234311140879609026e-01,2.834803426758462086e-01
3.581000000000000227e+01,2.860577564059397915e+01,-7.354316798883503425e-01,1.730710403422110466e-01,1.113000000000000078e+01,3.761396017438205952e+00,-9.042291558673399843e-01,3.188483693670396413e-02,1.025499999999999901e+01,8.146931937852436301e-01,-9.114959747288015057e-01,7.121505816752452325e-03,5.062000000000000455e+01,6.363165957288872221e+01,-7.135958310381720349e-01,3.129526839182489306e-01,2.907499999999999574e+01,4.107859083512968112e+01,-8.078942064915659582e-01,2.264871113629996491e-01,1.882000000000000028e+01,2.629756832864970661e+01,-8.607717360444355759e-01,1.580818152492402262e-01
3.703500000000000369e+01,3.191744859790644284e+01,-7.331281358387438107e-01,1.838089489798502840e-01,1.091000000000000014e+01,3.580349144985723431e+00,-9.061771521806228913e-01,3.058270115768679798e-02,1.097000000000000064e+01,1.487985214980310555e+00,-9.054350457204962677e-01,1.278812900687954085e-02,6.757500000000000284e+01,7.236920356753969941e+01,-6.386221963350176001e-01,3.430205342422667503e-01,3.788499999999999801e+01,5.732859256078069876e+01,-7.790641728057798865e-01,2.676766309297288760e-01,4.676500000000000057e+01,7.148363816286914130e+01,-7.540397628762567361e-01,3.008654068899848100e-01
3.585000000000000142e+01,2.833481074579465187e+01,-7.339613873783908948e-01,1.756214271303547791e-01,1.116500000000000092e+01,4.168635868002865230e+00,-9.039662103975070195e-01,3.549321265111698293e-02,1.001999999999999957e+01,5.301886456724622665e-01,-9.136055192492905652e-01,4.631872508920295214e-03,5.334500000000000597e+01,6.797407024005551079e+01,-7.082131286866319986e-01,3.224069189938187918e-01,1.944500000000000028e+01,2.768946956877289267e+01,-8.579356237344276659e-01,1.622296864869801902e-01,3.238000000000000256e+01,4.068502304288397653e+01,-7.816261875746521870e-01,2.217196254741878592e-01
3.621500000000000341e+01,3.005808585056606930e+01,-7.353488320324859107e-01,1.771192866558149448e-01,1.153000000000000114e+01,4.578001747487651762e+00,-9.008545807207781753e-01,3.886588702221908942e-02,1.041000000000000014e+01,9.979478944313675548e-01,-9.101799151644576202e-01,8.659570724765653857e-03,3.801500000000000057e+01,5.829690407731786905e+01,-7.807379943780441423e-01,2.789370552119621038e-01,4.614000000000000057e+01,5.895669936487286122e+01,-7.278237176895983040e-01,2.824943755236876131e-01,3.516000000000000369e+01,5.680662285332582684e+01,-7.958497322676110208e-01,2.556325203172623017e-01
3.621000000000000085e+01,3.231086349821062953e+01,-7.390377616709173925e-01,1.817740335406195507e-01,1.098500000000000121e+01,3.902886752136167203e+00,-9.054289940915269952e-01,3.347856224380755391e-02,1.012500000000000000e+01,9.897600719366285160e-01,-9.126214855494586553e-01,8.638948633309113945e-03,5.120999999999999375e+01,6.530745669523503238e+01,-7.135610435915904493e-01,3.151057945419368789e-01,4.360000000000000142e+01,5.706608887947377440e+01,-7.380424293766452148e-01,2.718880678236966220e-01,2.080000000000000071e+01,3.188810906905582243e+01,-8.522283418171164859e-01,1.800639069541702109e-01
3.494500000000000028e+01,2.834493296869830203e+01,-7.416907717590519589e-01,1.767944285542029925e-01,1.104000000000000092e+01,4.121698678942943062e+00,-9.050985045065150780e-01,3.484395030917458030e-02,1.035999999999999943e+01,1.215689104993542324e+00,-9.106026748256477177e-01,1.059217894909380946e-02,5.476999999999999602e+01,7.028663528722940157e+01,-7.056541262479838483e-01,3.268750387262628898e-01,5.167000000000000171e+01,6.753980011815255580e+01,-7.176884308591023887e-01,3.127789458223073638e-01,4.135500000000000398e+01,6.319985541913842297e+01,-7.667299975244417087e-01,2.814043202675440281e-01
3.558000000000000540e+01,3.020355277115591264e+01,-7.399006491786987993e-01,1.807920405002605702e-01,1.092999999999999972e+01,3.548746257483056610e+00,-9.058748196255731466e-01,3.038533894357856036e-02,1.051499999999999879e+01,1.358685026045403976e+00,-9.093812961405177697e-01,1.177128205576960865e-02,3.850000000000000711e+01,5.926674025117292643e+01,-7.791080677634825147e-01,2.793045567899629655e-01,2.098999999999999844e+01,3.195495110307634690e+01,-8.519822103241654343e-01,1.768884684182183142e-01,3.314000000000000057e+01,4.644161818886159665e+01,-7.907275686478281163e-01,2.432749941642451952e-01
3.445000000000000284e+01,2.774655834513534813e+01,-7.429243532552705087e-01,1.721667108209181674e-01,1.107499999999999929e+01,3.705080970775132876e+00,-9.047609816133445060e-01,3.175959140090998251e-02,1.071999999999999886e+01,1.463933058578840818e+00,-9.075742000673049370e-01,1.256249012141095328e-02,5.043499999999999517e+01,6.363378053361279996e+01,-7.147232747404836939e-01,3.122814372590094756e-01,2.966000000000000369e+01,4.258521339620127577e+01,-8.060299183688132141e-01,2.309917791667087106e-01,1.901500000000000057e+01,2.703444145899818452e+01,-8.603572881147613094e-01,1.601881460244884148e-01
3.496500000000000341e+01,2.693384534373062777e+01,-7.400359434469564457e-01,1.684190211403264470e-01,1.098500000000000121e+01,3.719815183581032692e+00,-9.053911452048410968e-01,3.193325965719205628e-02,1.042500000000000071e+01,9.033963692643446342e-01,-9.100397365421961648e-01,7.910580255082642898e-03,6.781999999999999318e+01,7.284912559530141607e+01,-6.385308277585023395e-01,3.442221051395218945e-01,4.123499999999999233e+01,6.332812586047371894e+01,-7.695480906910873165e-01,2.817930060340971266e-01,4.308500000000000085e+01,6.462734734615060006e+01,-7.620118954243630949e-01,2.852641221882036837e-01
3.286999999999999744e+01,2.702219643182248632e+01,-7.525098801812363236e-01,1.679842501476576377e-01,1.117500000000000071e+01,3.949509463211855476e+00,-9.038149201621316076e-01,3.367083953183352268e-02,1.018499999999999872e+01,7.937411416828540345e-01,-9.120897083260566252e-01,6.958383590014171477e-03,5.402000000000000313e+01,6.908943551658241233e+01,-7.069997245650172513e-01,3.246739160421338588e-01,1.741499999999999915e+01,2.170534553975126002e+01,-8.652039711715362458e-01,1.414346069626045144e-01,4.995499999999999829e+01,7.512282426133884883e+01,-7.441695382655963975e-01,3.056157117628789388e-01
3.390500000000000114e+01,2.699228084101082459e+01,-7.457416915992636230e-01,1.710175504082767362e-01,1.102500000000000213e+01,3.886981476673126767e+00,-9.051272268959886791e-01,3.327141174969935888e-02,1.045500000000000007e+01,1.765000000000000346e+00,-9.098933743034933741e-01,1.526754195039225354e-02,3.867499999999999716e+01,5.937206940136077549e+01,-7.784819383370182866e-01,2.804928943887669557e-01,4.651500000000000057e+01,5.996393520275332634e+01,-7.269126076011213078e-01,2.833211761120936756e-01,2.714999999999999858e+01,3.656319187379570934e+01,-8.160211979772563629e-01,2.097941599575534888e-01
3.374000000000000199e+01,2.927495345854541142e+01,-7.512645431188043066e-01,1.773315700283350504e-01,1.083999999999999986e+01,3.639148251995238503e+00,-9.067239303150340657e-01,3.109330167956711119e-02,1.021999999999999886e+01,1.074290463515338301e+00,-9.119732691630406674e-01,9.194025771092706814e-03,5.029999999999999716e+01,6.321378014325674144e+01,-7.144151817215829148e-01,3.118637857493188892e-01,4.248000000000000398e+01,5.449287201093368793e+01,-7.398133250549252526e-01,2.660517833278257527e-01,2.432999999999999829e+01,4.290654495528625034e+01,-8.444062642127614371e-01,2.073156526224245177e-01
3.159000000000000341e+01,2.662616006862424101e+01,-7.612545793235800939e-01,1.653475041035831206e-01,1.119000000000000128e+01,3.941560604633652432e+00,-9.037667984954376177e-01,3.377014544642180371e-02,1.008499999999999908e+01,1.146527365569614210e+00,-9.130321481294469965e-01,1.003775824648207686e-02,5.496999999999999176e+01,7.043492102643403996e+01,-7.047042726592960271e-01,3.268238884041293479e-01,5.608499999999999375e+01,7.424340054846625492e+01,-7.072036273251506300e-01,3.274546160498402192e-01,3.735999999999999943e+01,5.299475823135719565e+01,-7.724128579771556424e-01,2.635200307143981124e-01
3.357500000000000284e+01,2.721206763551788299e+01,-7.488110221938157895e-01,1.712737443909458646e-01,1.068000000000000327e+01,2.924226393424421921e+00,-9.080385094186652628e-01,2.535622532992129127e-02,1.067500000000000071e+01,1.916800719949781184e+00,-9.080659787723129872e-01,1.649592624498657373e-02,3.890999999999999659e+01,6.003919469813031640e+01,-7.784575659123703639e-01,2.818374955214056898e-01,2.117000000000000171e+01,3.294966767662459972e+01,-8.522295055362510974e-01,1.801950689382288140e-01,4.049500000000000455e+01,6.027586353591295421e+01,-7.694609824011162669e-01,2.810557604794247100e-01
3.097999999999999687e+01,2.523779110778120582e+01,-7.637998721131978863e-01,1.607443791334878525e-01,1.110999999999999943e+01,3.628622328101947403e+00,-9.043531848600864231e-01,3.119629074879421218e-02,1.069000000000000128e+01,1.716799347623361616e+00,-9.077931713427686011e-01,1.483573446149450380e-02,5.016500000000000625e+01,6.292297692417293575e+01,-7.147456195107986243e-01,3.114621171031293767e-01,2.982499999999999929e+01,4.172431695067038504e+01,-8.051212079657128484e-01,2.300338461213914110e-01,1.886000000000000298e+01,2.292187601397407448e+01,-8.552157871268463163e-01,1.463593723274765057e-01
3.245999999999999375e+01,2.665053282769408227e+01,-7.553821461493440692e-01,1.682299688637924617e-01,1.087000000000000099e+01,3.642128498556854055e+00,-9.064578924832942253e-01,3.119523299174337475e-02,1.109500000000000064e+01,2.101124698822038006e+00,-9.042730205273932231e-01,1.817250229891460844e-02,6.770499999999999829e+01,7.255859166907804081e+01,-6.385162554092630449e-01,3.442433854819396677e-01,3.846999999999999176e+01,5.697169560404534394e+01,-7.755722902258703755e-01,2.702895411669935521e-01,3.767499999999999716e+01,5.893156306258980948e+01,-7.788269353860989286e-01,2.606861473895152326e-01
3.157500000000000639e+01,2.705796786530725484e+01,-7.621343521068258964e-01,1.664087823669594679e-01,1.145500000000000185e+01,4.156588144139373497e+00,-9.015420999361541954e-01,3.526068290359567897e-02,1.036999999999999922e+01,1.492849624041216128e+00,-9.106082856174528839e-01,1.275237936722006978e-02,5.519500000000000739e+01,7.073963687353787577e+01,-7.039111972475561307e-01,3.276265411208877376e-01,1.965000000000000213e+01,2.810337168383893314e+01,-8.574133114596502736e-01,1.619979904848062313e-01,4.754500000000000171e+01,7.311377247140241309e+01,-7.527328377339789212e-01,3.044679210746075726e-01
3.010500000000000753e+01,2.447859728415825842e+01,-7.689454780027148439e-01,1.568794727660830501e-01,1.098000000000000043e+01,3.856565829854327276e+00,-9.054621264715132511e-01,3.291614895970561283e-02,1.025000000000000000e+01,1.049999999999999822e+00,-9.117374180875525980e-01,9.098627948761987133e-03,3.855499999999999261e+01,5.896004770181246357e+01,-7.781593596538989299e-01,2.793389627328224378e-01,4.259000000000000341e+01,5.275099904267216999e+01,-7.374349929974199913e-01,2.696946482059289218e-01,1.745500000000000185e+01,2.411599521064805884e+01,-8.680216026614502312e-01,1.526918344740874345e-01
3.015500000000000114e+01,2.590919190171704400e+01,-7.713245492128303349e-01,1.644626428896890369e-01,1.114000000000000057e+01,3.937880140380100258e+00,-9.042301355473579827e-01,3.356710607312352046e-02,1.052499999999999858e+01,1.884973474614430877e+00,-9.092778551038593893e-01,1.636040767042238123e-02,5.129999999999999716e+01,6.493420901189139727e+01,-7.122568918333020971e-01,3.148411297864709413e-01,4.448499999999999943e+01,5.772068108572523926e+01,-7.352222030014086140e-01,2.758240000389550195e-01,1.825999999999999801e+01,2.473685307390574550e+01,-8.620476104955223651e-01,1.549393954094718251e-01
3.091999999999999815e+01,2.618633422226180585e+01,-7.668508954464037242e-01,1.657224299885659280e-01,1.090000000000000036e+01,3.714633225501543290e+00,-9.061791792658869804e-01,3.174518126800390111e-02,1.027500000000000036e+01,1.215987253222664544e+00,-9.114103582557028238e-01,1.056959364266628863e-02,5.393500000000000227e+01,6.898172602218649274e+01,-7.073332234611381386e-01,3.245750247078902362e-01,5.295000000000000284e+01,6.877752176401821771e+01,-7.140412355205268957e-01,3.175613708559636983e-01,3.204999999999999716e+01,3.532124006883110212e+01,-7.741826843993202534e-01,2.108926184209564403e-01
3.043999999999999773e+01,2.641792762500495684e+01,-7.699843115219582312e-01,1.653512041304139590e-01,1.099500000000000099e+01,3.587648951611626114e+00,-9.054103044558525770e-01,3.054067191057150549e-02,1.074500000000000099e+01,1.670246987723672083e+00,-9.073025342139896532e-01,1.442593077388554419e-02,3.900999999999999801e+01,6.035493268988045656e+01,-7.785283057422471842e-01,2.826305823519117966e-01,2.216000000000000014e+01,3.569951540287346603e+01,-8.489859105971999664e-01,1.882527615032704993e-01,4.316000000000000369e+01,6.609151155783925446e+01,-7.642047174924970765e-01,2.938768263109536871e-01
3.136499999999999844e+01,2.721931345570641270e+01,-7.651247945393440109e-01,1.687342981445209555e-01,1.078500000000000014e+01,3.673013068313261353e+00,-9.072019493976680726e-01,3.139086840269222911e-02,1.072000000000000064e+01,1.883374630815653816e+00,-9.075163069617820932e-01,1.633173563444675902e-02,4.971499999999999631e+01,6.218758336677829135e+01,-7.157508246465742463e-01,3.106272642075035839e-01,2.963500000000000156e+01,4.218611768105711946e+01,-8.064253642775103259e-01,2.293103174147586576e-01,1.750000000000000000e+01,2.275076921776492256e+01,-8.659183561140657570e-01,1.457174504549722804e-01
3.113000000000000256e+01,2.708366851074647386e+01,-7.659387114140734365e-01,1.701555669475919019e-01,1.079000000000000092e+01,2.962414555729836252e+00,-9.071243258673657994e-01,2.565947756239642802e-02,1.073000000000000043e+01,1.521545267154414960e+00,-9.073682702143399670e-01,1.327040484437438592e-02,6.797499999999999432e+01,7.306371277864272429e+01,-6.379165549793561762e-01,3.441470713866328079e-01,3.960499999999999687e+01,5.930090829827145882e+01,-7.726500398333696618e-01,2.756563347711513123e-01,3.845499999999999829e+01,5.141428036061576989e+01,-7.632199474317471477e-01,2.530465085178472129e-01
3.041999999999999815e+01,2.732977497163121328e+01,-7.726081222765371903e-01,1.667353165155871508e-01,1.099500000000000099e+01,3.308583533779977159e+00,-9.054838470741490841e-01,2.827619298959742344e-02,1.048999999999999844e+01,1.530816775450282163e+00,-9.095589499769529684e-01,1.322826056126616238e-02,5.473000000000000398e+01,7.020991454203601734e+01,-7.054764775330413240e-01,3.267854963932951828e-01,1.700499999999999545e+01,2.042006917226285978e+01,-8.670697925888971591e-01,1.352266258605388238e-01,3.675000000000000000e+01,4.245701355488866824e+01,-7.588828370584723704e-01,2.301729210805438519e-01
3.036999999999999744e+01,2.644705276585654019e+01,-7.706828088925951059e-01,1.680604733966601094e-01,1.090500000000000114e+01,3.279515970383434009e+00,-9.061670433679969161e-01,2.802195953630621031e-02,1.027999999999999936e+01,1.011484058203588221e+00,-9.113272019002840452e-01,8.861822999838822948e-03,3.886500000000000199e+01,5.961084234432524198e+01,-7.778591603963335155e-01,2.813728218094377342e-01,4.454499999999999460e+01,5.689700980719461398e+01,-7.334556012248587553e-01,2.764057176820116091e-01,2.843499999999999517e+01,5.718853053716277657e+01,-8.409262884280825912e-01,2.352018543538802187e-01
2.996499999999999631e+01,2.568345819783621309e+01,-7.721940850640361953e-01,1.604945217054895568e-01,1.096999999999999886e+01,3.896742229093426158e+00,-9.056260877588597769e-01,3.334071559388266520e-02,1.058499999999999908e+01,1.631571328505131868e+00,-9.087580345372353596e-01,1.421505314345470825e-02,5.062500000000000000e+01,6.379593737065080461e+01,-7.139159775208869796e-01,3.131319013756708736e-01,4.347999999999999687e+01,5.711555479902125398e+01,-7.395954704059779505e-01,2.704048692572970092e-01,2.913999999999999702e+01,5.699782802879422405e+01,-8.346728848109445931e-01,2.339721609700918525e-01
2.973000000000000043e+01,2.678295353391780154e+01,-7.750741411849391138e-01,1.669846717695390448e-01,1.084500000000000064e+01,3.259482320860169757e+00,-9.066030350403370131e-01,2.801386332078095384e-02,1.078499999999999837e+01,2.563108464345588811e+00,-9.071301329175105455e-01,2.201442745772112450e-02,5.459500000000000597e+01,6.990480831101677950e+01,-7.056763130315331090e-01,3.265599290284167955e-01,5.122500000000000142e+01,6.593944665372922032e+01,-7.172961283509172725e-01,3.105374559894818476e-01,3.766499999999999915e+01,5.884390813839610956e+01,-7.789210383375625435e-01,2.614087100066738723e-01
3.060000000000000142e+01,2.602489193061135708e+01,-7.688138269686481951e-01,1.660892083812728626e-01,1.070999999999999908e+01,3.445272122779273083e+00,-9.078120305299357540e-01,2.941495187164042818e-02,1.080499999999999794e+01,2.105759957829951734e+00,-9.068686271305917979e-01,1.825043654607226215e-02,3.817500000000000426e+01,5.833308345184574506e+01,-7.797298940860312166e-01,2.791223388291001473e-01,2.199000000000000199e+01,3.553979319016923455e+01,-8.499169746382195800e-01,1.883887952586205949e-01,4.714499999999999602e+01,5.280611446603508341e+01,-7.205946810903670618e-01,2.577623128992780344e-01
2.887499999999999289e+01,2.735038619471396260e+01,-7.822214490387932040e-01,1.673711912068578112e-01,1.100499999999999901e+01,3.748763129353466894e+00,-9.053232859643840502e-01,3.211661535948959201e-02,1.055000000000000071e+01,1.768332547910601793e+00,-9.091095808359701547e-01,1.526207509910862924e-02,5.024000000000000199e+01,6.320210360423140372e+01,-7.147735778697974496e-01,3.120551506362723715e-01,2.788999999999999702e+01,3.819444854949473012e+01,-8.114687219420376740e-01,2.191648402191709033e-01,1.521499999999999986e+01,1.534726441422053611e+01,-8.761366887116575075e-01,1.104383908367815442e-01
2.991500000000000981e+01,2.730483519452187124e+01,-7.752037835190921378e-01,1.698674763076128413e-01,1.077500000000000036e+01,3.481396989715479062e+00,-9.072319567569842036e-01,2.965184892183953674e-02,1.148499999999999943e+01,2.550691082824417144e+00,-9.008881062396649764e-01,2.215059417470450001e-02,6.853499999999999659e+01,7.406374636082082930e+01,-6.377667560535409397e-01,3.461867190454678278e-01,3.872499999999999432e+01,5.866415536765190097e+01,-7.761201891036659806e-01,2.710611664403197452e-01,4.229500000000000171e+01,6.431788806389711510e+01,-7.634622976174222364e-01,2.850753777393427169e-01
2.810500000000000043e+01,2.511378555694063053e+01,-7.850946197030730378e-01,1.579249145408205823e-01,1.088500000000000156e+01,3.916634397030184456e+00,-9.063494423418493318e-01,3.356902028442467628e-02,1.085500000000000043e+01,1.809896405875208947e+00,-9.063395174555690659e-01,1.579709441692186966e-02,5.532500000000000284e+01,7.108881153177341616e+01,-7.043784976228164574e-01,3.282115183559085048e-01,1.738499999999999801e+01,2.129711306726805731e+01,-8.650077639160690390e-01,1.390691583223869210e-01,4.168000000000000682e+01,6.370332487398125920e+01,-7.677161830487977401e-01,2.803590832005921074e-01
2.928000000000000114e+01,2.601558379125865272e+01,-7.773857303094204863e-01,1.622309113558255966e-01,1.122000000000000242e+01,4.230969156115416574e+00,-9.035530472390883583e-01,3.583765807027890909e-02,1.041000000000000014e+01,1.263091445620624587e+00,-9.102132118913651704e-01,1.099524061067173181e-02,3.859499999999999886e+01,5.923688230317324610e+01,-7.789043233797561250e-01,2.804917819700896708e-01,4.834499999999999176e+01,6.264578377672355458e+01,-7.225547921298058895e-01,2.921184113849097375e-01,3.156000000000000938e+01,5.686214382170267356e+01,-8.196195110451682808e-01,2.359895171095028332e-01
2.863000000000000256e+01,2.690262254874048509e+01,-7.835003856726128202e-01,1.671620878642060826e-01,1.072499999999999787e+01,3.159529237085804354e+00,-9.075916181367336133e-01,2.723114451292592969e-02,1.069499999999999851e+01,1.918130600350247184e+00,-9.078025795955113608e-01,1.659127542303608441e-02,5.101999999999999602e+01,6.453838082877506110e+01,-7.130832052596398629e-01,3.140611514937602933e-01,4.089500000000000313e+01,5.112269285747768066e+01,-7.450523942045543802e-01,2.598770184983673626e-01,2.472500000000000142e+01,4.389531438547855657e+01,-8.432653118868589370e-01,2.090532511351628209e-01
